name;surname;;;;;;;;;;;;;;;;;;;;;;;;;;;;;;;;;;;;;;;;;
;;;;;;;;;;;;;;;;;;;;;;;;;;;;;;;;;;;;;;;;;;
;;;;;;;丂;丄;丅;丆;丏;丒;丗;丟;丠;両;丣;並;丩;丮;丯;丱;;;;;;;;;;;;;;;;;;;;
;;;;;;;丳;丵;丷;丼;乀;乁;乂;乄;乆;乊;乑;乕;乗;乚;乛;乢;;;;;;;;;;;;;;;;;;;;
;;;;;;;乣;乤;乥;乧;乨;乪;乫;乬;乭;乮;乯;乲;乴;乵;乶;乷;;;;;;;;;;;;;;;;;;;;
;;;;;;;乸;乹;乺;乻;乼;乽;乿;亀;亁;亂;亃;亄;亅;亇;亊;亸;;;;;;;;;;;;;;;;;;;;
;;;;;;;亐;亖;亗;亙;亜;亝;亞;亣;亪;亯;亰;亱;亴;亶;亷;仧;;;;;;;;;;;;;;;;;;;;
;;;;;;;亹;亼;亽;亾;仈;仌;仏;仐;仒;仚;仛;仜;仠;仢;仦;伅;;;;;;;;;;;;;;;;;;;;
;;;;;;;仩;仭;仮;仯;仱;仴;仸;仹;仺;仼;仾;伀;伂;伃;伄;伩;;;;;;;;;;;;;;;;;;;;
;;;;;;;伆;伇;伈;伋;伌;伒;伓;伔;伕;伖;伜;伝;伡;伣;伨;佅;;;;;;;;;;;;;;;;;;;;
;;;;;;;伬;伭;伮;伱;伳;伵;伷;伹;伻;伾;伿;佀;佁;佂;佄;佭;;;;;;;;;;;;;;;;;;;;
;;;;;;;佇;佈;佉;佊;佋;佌;佒;佔;佖;佡;佢;佦;佨;佪;佫;侊;;;;;;;;;;;;;;;;;;;;
;;;;;;;佮;佱;佲;併;佷;佸;佹;佺;佽;侀;侁;侂;侅;來;侇;侽;;;;;;;;;;;;;;;;;;;;
;;;;;;;侌;侎;侐;侒;侓;侕;侖;侘;侙;侚;侜;侞;侟;価;侢;俖;;;;;;;;;;;;;;;;;;;;
;;;;;;;侤;侫;侭;侰;侱;侲;侳;侴;侶;侷;侸;侹;侺;侻;侼;俹;;;;;;;;;;;;;;;;;;;;
;;;;;;;侾;俀;俁;係;俆;俇;俈;俉;俋;俌;俍;俒;俓;俔;俕;倧;;;;;;;;;;;;;;;;;;;;
;;;;;;;俙;俛;俠;俢;俤;俥;俧;俫;俬;俰;俲;俴;俵;俶;俷;偀;;;;;;;;;;;;;;;;;;;;
;;;;;;;俻;俼;俽;俿;倀;倁;倂;倃;倄;倅;倆;倇;倈;倉;倊;偗;;;;;;;;;;;;;;;;;;;;
;;;;;;;個;倎;倐;們;倓;倕;倖;倗;倛;倝;倞;倠;倢;倣;値;偪;;;;;;;;;;;;;;;;;;;;
;;;;;;;倫;倯;倰;倱;倲;倳;倴;倵;倶;倷;倸;倹;倻;倽;倿;傁;;;;;;;;;;;;;;;;;;;;
;;;;;;;偁;偂;偄;偅;偆;偉;偊;偋;偍;偐;偑;偒;偓;偔;偖;傔;;;;;;;;;;;;;;;;;;;;
;;;;;;;偘;偙;偛;偝;偞;偟;偠;偡;偢;偣;偤;偦;偧;偨;偩;傦;;;;;;;;;;;;;;;;;;;;
;;;;;;;偫;偭;偮;偯;偰;偱;偲;偳;側;偵;偸;偹;偺;偼;偽;僌;;;;;;;;;;;;;;;;;;;;
;;;;;;;傂;傃;傄;傆;傇;傉;傊;傋;傌;傎;傏;傐;傑;傒;傓;僟;;;;;;;;;;;;;;;;;;;;
;;;;;;;傕;傖;傗;傘;備;傚;傛;傜;傝;傞;傟;傠;傡;傢;傤;僶;;;;;;;;;;;;;;;;;;;;
;;;;;;;傪;傫;傭;傮;傯;傰;傱;傳;傴;債;傶;傷;傸;傹;傼;儚;;;;;;;;;;;;;;;;;;;;
;;;;;;;傽;傾;傿;僀;僁;僂;僃;僄;僅;僆;僇;僈;僉;僊;僋;儫;;;;;;;;;;;;;;;;;;;;
;;;;;;;働;僎;僐;僑;僒;僓;僔;僕;僗;僘;僙;僛;僜;僝;僞;儻;;;;;;;;;;;;;;;;;;;;
;;;;;;;僠;僡;僢;僣;僤;僥;僨;僩;僪;僫;僯;僰;僱;僲;僴;兛;;;;;;;;;;;;;;;;;;;;
;;;;;;;僷;僸;價;僺;僼;僽;僾;僿;儀;儁;儂;儃;億;儅;儈;兿;;;;;;;;;;;;;;;;;;;;
;;;;;;;儉;儊;儌;儍;儎;儏;儐;儑;儓;儔;儕;儖;儗;儘;儙;冞;;;;;;;;;;;;;;;;;;;;
;;;;;;;儛;儜;儝;儞;償;儠;儢;儣;儤;儥;儦;儧;儨;儩;優;冿;;;;;;;;;;;;;;;;;;;;
;;;;;;;儬;儭;儮;儯;儰;儱;儲;儳;儴;儵;儶;儷;儸;儹;儺;凮;;;;;;;;;;;;;;;;;;;;
;;;;;;;儼;儽;儾;兂;兇;兊;兌;兎;兏;児;兒;兓;兗;兘;兙;刜;;;;;;;;;;;;;;;;;;;;
;;;;;;;兝;兞;兟;兠;兡;兣;兤;兦;內;兩;兪;兯;兲;兺;兾;刼;;;;;;;;;;;;;;;;;;;;
;;;;;;;冃;冄;円;冇;冊;冋;冎;冏;冐;冑;冓;冔;冘;冚;冝;剰;;;;;;;;;;;;;;;;;;;;
;;;;;;;冟;冡;冣;冦;冧;冨;冩;冪;冭;冮;冴;冸;冹;冺;冾;劅;;;;;;;;;;;;;;;;;;;;
;;;;;;;凁;凂;凃;凅;凈;凊;凍;凎;凐;凒;凓;凔;凕;凖;凗;劘;;;;;;;;;;;;;;;;;;;;
;;;;;;;凘;凙;凚;凜;凞;凟;凢;凣;凥;処;凧;凨;凩;凪;凬;効;;;;;;;;;;;;;;;;;;;;
;;;;;;;凱;凲;凴;凷;凾;刄;刅;刉;刋;刌;刏;刐;刓;刔;刕;勏;;;;;;;;;;;;;;;;;;;;
;;;;;;;刞;刟;刡;刢;刣;別;刦;刧;刪;刬;刯;刱;刲;刴;刵;勥;;;;;;;;;;;;;;;;;;;;
;;;;;;;刾;剄;剅;剆;則;剈;剉;剋;剎;剏;剒;剓;剕;剗;剘;勶;;;;;;;;;;;;;;;;;;;;
;;;;;;;剙;剚;剛;剝;剟;剠;剢;剣;剤;剦;剨;剫;剬;剭;剮;匫;;;;;;;;;;;;;;;;;;;;
;;;;;;;剱;剳;剴;創;剶;剷;剸;剹;剺;剻;剼;剾;劀;劃;劄;卂;;;;;;;;;;;;;;;;;;;;
;;;;;;;劆;劇;劉;劊;劋;劌;劍;劎;劏;劑;劒;劔;劕;劖;劗;卭;;;;;;;;;;;;;;;;;;;;
;;;;;;;劙;劚;劜;劤;劥;劦;劧;劮;劯;劰;労;劵;劶;劷;劸;厪;;;;;;;;;;;;;;;;;;;;
;;;;;;;劺;劻;劼;劽;勀;勁;勂;勄;勅;勆;勈;勊;勌;勍;勎;厽;;;;;;;;;;;;;;;;;;;;
;;;;;;;勑;勓;勔;動;勗;務;勚;勛;勜;勝;勞;勠;勡;勢;勣;叝;;;;;;;;;;;;;;;;;;;;
;;;;;;;勦;勧;勨;勩;勪;勫;勬;勭;勮;勯;勱;勲;勳;勴;勵;吙;;;;;;;;;;;;;;;;;;;;
;;;;;;;勷;勸;勻;勼;勽;匁;匂;匃;匄;匇;匉;匊;匋;匌;匎;呄;;;;;;;;;;;;;;;;;;;;
;;;;;;;匑;匒;匓;匔;匘;匛;匜;匞;匟;匢;匤;匥;匧;匨;匩;呥;;;;;;;;;;;;;;;;;;;;
;;;;;;;匬;匭;匯;匰;匱;匲;匳;匴;匵;匶;匷;匸;匼;匽;區;咃;;;;;;;;;;;;;;;;;;;;
;;;;;;;卄;卆;卋;卌;卍;卐;協;単;卙;卛;卝;卥;卨;卪;卬;哋;;;;;;;;;;;;;;;;;;;;
;;;;;;;卲;卶;卹;卻;卼;卽;卾;厀;厁;厃;厇;厈;厊;厎;厏;哶;;;;;;;;;;;;;;;;;;;;
;;;;;;;厐;厑;厒;厓;厔;厖;厗;厙;厛;厜;厞;厠;厡;厤;厧;唎;;;;;;;;;;;;;;;;;;;;
;;;;;;;厫;厬;厭;厯;厰;厱;厲;厳;厴;厵;厷;厸;厹;厺;厼;啅;;;;;;;;;;;;;;;;;;;;
;;;;;;;厾;叀;參;叄;叅;叆;叇;収;叏;叐;叒;叓;叕;叚;叜;啛;;;;;;;;;;;;;;;;;;;;
;;;;;;;叞;叡;叢;叧;叴;叺;叾;叿;吀;吂;吅;吇;吋;吔;吘;啹;;;;;;;;;;;;;;;;;;;;
;;;;;;;吚;吜;吢;吤;吥;吪;吰;吳;吶;吷;吺;吽;吿;呁;呂;喛;;;;;;;;;;;;;;;;;;;;
;;;;;;;呅;呇;呉;呌;呍;呎;呏;呑;呚;呝;呞;呟;呠;呡;呣;喯;;;;;;;;;;;;;;;;;;;;
;;;;;;;呧;呩;呪;呫;呬;呭;呮;呯;呰;呴;呹;呺;呾;呿;咁;嗊;;;;;;;;;;;;;;;;;;;;
;;;;;;;咅;咇;咈;咉;咊;咍;咑;咓;咗;咘;咜;咞;咟;咠;咡;嗭;;;;;;;;;;;;;;;;;;;;
;;;;;;;咢;咥;咮;咰;咲;咵;咶;咷;咹;咺;咼;咾;哃;哅;哊;嘜;;;;;;;;;;;;;;;;;;;;
;;;;;;;哖;哘;哛;哠;員;哢;哣;哤;哫;哬;哯;哰;哱;哴;哵;嘷;;;;;;;;;;;;;;;;;;;;
;;;;;;;哷;哸;哹;哻;哾;唀;唂;唃;唄;唅;唈;唊;唋;唌;唍;噊;;;;;;;;;;;;;;;;;;;;
;;;;;;;唒;唓;唕;唖;唗;唘;唙;唚;唜;唝;唞;唟;唡;唥;唦;噺;;;;;;;;;;;;;;;;;;;;
;;;;;;;唨;唩;唫;唭;唲;唴;唵;唶;唸;唹;唺;唻;唽;啀;啂;嚐;;;;;;;;;;;;;;;;;;;;
;;;;;;;啇;啈;啋;啌;啍;啎;問;啑;啒;啓;啔;啗;啘;啙;啚;嚡;;;;;;;;;;;;;;;;;;;;
;;;;;;;啝;啞;啟;啠;啢;啣;啨;啩;啫;啯;啰;啱;啲;啳;啴;嚳;;;;;;;;;;;;;;;;;;;;
;;;;;;;啺;啽;啿;喅;喆;喌;喍;喎;喐;喒;喓;喕;喖;喗;喚;囅;;;;;;;;;;;;;;;;;;;;
;;;;;;;喞;喠;喡;喢;喣;喤;喥;喦;喨;喩;喪;喫;喬;喭;單;囘;;;;;;;;;;;;;;;;;;;;
;;;;;;;喰;喲;喴;営;喸;喺;喼;喿;嗀;嗁;嗂;嗃;嗆;嗇;嗈;囷;;;;;;;;;;;;;;;;;;;;
;;;;;;;嗋;嗎;嗏;嗐;嗕;嗗;嗘;嗙;嗚;嗛;嗞;嗠;嗢;嗧;嗩;圤;;;;;;;;;;;;;;;;;;;;
;;;;;;;嗮;嗰;嗱;嗴;嗶;嗸;嗹;嗺;嗻;嗼;嗿;嘂;嘃;嘄;嘅;坃;;;;;;;;;;;;;;;;;;;;
;;;;;;;嘆;嘇;嘊;嘋;嘍;嘐;嘑;嘒;嘓;嘔;嘕;嘖;嘗;嘙;嘚;坥;;;;;;;;;;;;;;;;;;;;
;;;;;;;嘝;嘠;嘡;嘢;嘥;嘦;嘨;嘩;嘪;嘫;嘮;嘯;嘰;嘳;嘵;垙;;;;;;;;;;;;;;;;;;;;
;;;;;;;嘸;嘺;嘼;嘽;嘾;噀;噁;噂;噃;噄;噅;噆;噇;噈;噉;垷;;;;;;;;;;;;;;;;;;;;
;;;;;;;噋;噏;噐;噑;噒;噓;噕;噖;噚;噛;噝;噞;噟;噠;噡;埊;;;;;;;;;;;;;;;;;;;;
;;;;;;;噣;噥;噦;噧;噭;噮;噯;噰;噲;噳;噴;噵;噷;噸;噹;埧;;;;;;;;;;;;;;;;;;;;
;;;;;;;噽;噾;噿;嚀;嚁;嚂;嚃;嚄;嚇;嚈;嚉;嚊;嚋;嚌;嚍;埾;;;;;;;;;;;;;;;;;;;;
;;;;;;;嚑;嚒;嚔;嚕;嚖;嚗;嚘;嚙;嚚;嚛;嚜;嚝;嚞;嚟;嚠;堖;;;;;;;;;;;;;;;;;;;;
;;;;;;;嚢;嚤;嚥;嚦;嚧;嚨;嚩;嚪;嚫;嚬;嚭;嚮;嚰;嚱;嚲;堬;;;;;;;;;;;;;;;;;;;;
;;;;;;;嚴;嚵;嚶;嚸;嚹;嚺;嚻;嚽;嚾;嚿;囀;囁;囂;囃;囄;塐;;;;;;;;;;;;;;;;;;;;
;;;;;;;囆;囇;囈;囉;囋;囌;囍;囎;囏;囐;囑;囒;囓;囕;囖;塤;;;;;;;;;;;;;;;;;;;;
;;;;;;;囙;囜;団;囥;囦;囧;囨;囩;囪;囬;囮;囯;囲;図;囶;塷;;;;;;;;;;;;;;;;;;;;
;;;;;;;囸;囻;囼;圀;圁;圂;圅;圇;國;圌;圍;圎;圏;圐;圑;墢;;;;;;;;;;;;;;;;;;;;
;;;;;;;園;圓;圔;圕;圖;圗;團;圙;圚;圛;圝;圞;圠;圡;圢;墴;;;;;;;;;;;;;;;;;;;;
;;;;;;;圥;圦;圧;圫;圱;圲;圴;圵;圶;圷;圸;圼;圽;圿;坁;壇;;;;;;;;;;;;;;;;;;;;
;;;;;;;坄;坅;坆;坈;坉;坋;坒;坓;坔;坕;坖;坘;坙;坢;坣;壙;;;;;;;;;;;;;;;;;;;;
;;;;;;;坧;坬;坮;坰;坱;坲;坴;坵;坸;坹;坺;坽;坾;坿;垀;壪;;;;;;;;;;;;;;;;;;;;
;;;;;;;垁;垇;垈;垉;垊;垍;垎;垏;垐;垑;垔;垕;垖;垗;垘;夁;;;;;;;;;;;;;;;;;;;;
;;;;;;;垚;垜;垝;垞;垟;垥;垨;垪;垬;垯;垰;垱;垳;垵;垶;夛;;;;;;;;;;;;;;;;;;;;
;;;;;;;垹;垺;垻;垼;垽;垾;垿;埀;埁;埄;埅;埆;埇;埈;埉;奜;;;;;;;;;;;;;;;;;;;;
;;;;;;;埌;埍;埐;埑;埓;埖;埗;埛;埜;埞;埡;埢;埣;埥;埦;奯;;;;;;;;;;;;;;;;;;;;
;;;;;;;埨;埩;埪;埫;埬;埮;埰;埱;埲;埳;埵;埶;執;埻;埼;妎;;;;;;;;;;;;;;;;;;;;
;;;;;;;埿;堁;堃;堄;堅;堈;堉;堊;堌;堎;堏;堐;堒;堓;堔;姀;;;;;;;;;;;;;;;;;;;;
;;;;;;;堗;堘;堚;堛;堜;堝;堟;堢;堣;堥;堦;堧;堨;堩;堫;姛;;;;;;;;;;;;;;;;;;;;
;;;;;;;堭;堮;堯;報;堲;堳;場;堶;堷;堸;堹;堺;堻;堼;堽;姱;;;;;;;;;;;;;;;;;;;;
;;;;;;;堾;堿;塀;塁;塂;塃;塅;塆;塇;塈;塉;塊;塋;塎;塏;娍;;;;;;;;;;;;;;;;;;;;
;;;;;;;塒;塓;塕;塖;塗;塙;塚;塛;塜;塝;塟;塠;塡;塢;塣;娤;;;;;;;;;;;;;;;;;;;;
;;;;;;;塦;塧;塨;塩;塪;塭;塮;塯;塰;塱;塲;塳;塴;塵;塶;娺;;;;;;;;;;;;;;;;;;;;
;;;;;;;塸;塹;塺;塻;塼;塽;塿;墂;墄;墆;墇;墈;墊;墋;墌;婏;;;;;;;;;;;;;;;;;;;;
;;;;;;;墍;墎;墏;墐;墑;墔;墕;墖;増;墘;墛;墜;墝;墠;墡;婳;;;;;;;;;;;;;;;;;;;;
;;;;;;;墣;墤;墥;墦;墧;墪;墫;墬;墭;墮;墯;墰;墱;墲;墳;媉;;;;;;;;;;;;;;;;;;;;
;;;;;;;墵;墶;墷;墸;墹;墺;墻;墽;墾;墿;壀;壂;壃;壄;壆;媜;;;;;;;;;;;;;;;;;;;;
;;;;;;;壈;壉;壊;壋;壌;壍;壎;壏;壐;壒;壓;壔;壖;壗;壘;嫃;;;;;;;;;;;;;;;;;;;;
;;;;;;;壚;壛;壜;壝;壞;壟;壠;壡;壢;壣;壥;壦;壧;壨;壩;嫙;;;;;;;;;;;;;;;;;;;;
;;;;;;;壭;壯;壱;売;壴;壵;壷;壸;壺;壻;壼;壽;壾;壿;夀;嫰;;;;;;;;;;;;;;;;;;;;
;;;;;;;夃;夅;夆;夈;変;夊;夋;夌;夎;夐;夑;夒;夓;夗;夘;嬁;;;;;;;;;;;;;;;;;;;;
;;;;;;;夝;夞;夠;夡;夢;夣;夦;夨;夬;夰;夲;夳;夵;夶;夻;嬒;;;;;;;;;;;;;;;;;;;;
;;;;;;;夽;夾;夿;奀;奃;奅;奆;奊;奌;奍;奐;奒;奓;奙;奛;嬤;;;;;;;;;;;;;;;;;;;;
;;;;;;;奝;奞;奟;奡;奣;奤;奦;奧;奨;奩;奪;奫;奬;奭;奮;嬶;;;;;;;;;;;;;;;;;;;;
;;;;;;;奰;奱;奲;奵;奷;奺;奻;奼;奾;奿;妀;妅;妉;妋;妌;孫;;;;;;;;;;;;;;;;;;;;
;;;;;;;妏;妐;妑;妔;妕;妘;妚;妛;妜;妝;妟;妠;妡;妢;妦;宊;;;;;;;;;;;;;;;;;;;;
;;;;;;;妧;妬;妭;妰;妱;妳;妴;妵;妶;妷;妸;妺;妼;妽;妿;宱;;;;;;;;;;;;;;;;;;;;
;;;;;;;姁;姂;姃;姄;姅;姇;姈;姉;姌;姍;姎;姏;姕;姖;姙;審;;;;;;;;;;;;;;;;;;;;
;;;;;;;姞;姟;姠;姡;姢;姤;姦;姧;姩;姪;姫;姭;姮;姯;姰;専;;;;;;;;;;;;;;;;;;;;
;;;;;;;姲;姳;姴;姵;姶;姷;姸;姺;姼;姽;姾;娀;娂;娊;娋;尟;;;;;;;;;;;;;;;;;;;;
;;;;;;;娎;娏;娐;娒;娔;娕;娖;娗;娙;娚;娛;娝;娞;娡;娢;尶;;;;;;;;;;;;;;;;;;;;
;;;;;;;娦;娧;娨;娪;娫;娬;娭;娮;娯;娰;娳;娵;娷;娸;娹;屜;;;;;;;;;;;;;;;;;;;;
;;;;;;;娻;娽;娾;娿;婁;婂;婃;婄;婅;婇;婈;婋;婌;婍;婎;屵;;;;;;;;;;;;;;;;;;;;
;;;;;;;婐;婑;婒;婓;婔;婖;婗;婘;婙;婛;婜;婝;婞;婟;婠;岋;;;;;;;;;;;;;;;;;;;;
;;;;;;;婡;婣;婤;婥;婦;婨;婩;婫;婬;婭;婮;婯;婰;婱;婲;峅;;;;;;;;;;;;;;;;;;;;
;;;;;;;婸;婹;婻;婼;婽;婾;媀;媁;媂;媃;媄;媅;媆;媇;媈;峗;;;;;;;;;;;;;;;;;;;;
;;;;;;;媊;媋;媌;媍;媎;媏;媐;媑;媓;媔;媕;媖;媗;媘;媙;峯;;;;;;;;;;;;;;;;;;;;
;;;;;;;媝;媞;媟;媠;媡;媢;媣;媤;媥;媦;媧;媨;媩;媫;媬;崗;;;;;;;;;;;;;;;;;;;;
;;;;;;;媭;媮;媯;媰;媱;媴;媶;媷;媹;媺;媻;媼;媽;媿;嫀;崯;;;;;;;;;;;;;;;;;;;;
;;;;;;;嫄;嫅;嫆;嫇;嫈;嫊;嫋;嫍;嫎;嫏;嫐;嫑;嫓;嫕;嫗;嵂;;;;;;;;;;;;;;;;;;;;
;;;;;;;嫚;嫛;嫝;嫞;嫟;嫢;嫤;嫥;嫧;嫨;嫪;嫬;嫭;嫮;嫯;嵖;;;;;;;;;;;;;;;;;;;;
;;;;;;;嫲;嫳;嫴;嫵;嫶;嫷;嫸;嫹;嫺;嫻;嫼;嫽;嫾;嫿;嬀;嵪;;;;;;;;;;;;;;;;;;;;
;;;;;;;嬂;嬃;嬄;嬅;嬆;嬇;嬈;嬊;嬋;嬌;嬍;嬎;嬏;嬐;嬑;嵾;;;;;;;;;;;;;;;;;;;;
;;;;;;;嬓;嬔;嬕;嬘;嬙;嬚;嬛;嬜;嬝;嬞;嬟;嬠;嬡;嬢;嬣;嶏;;;;;;;;;;;;;;;;;;;;
;;;;;;;嬥;嬦;嬧;嬨;嬩;嬪;嬫;嬬;嬭;嬮;嬯;嬰;嬱;嬳;嬵;嶰;;;;;;;;;;;;;;;;;;;;
;;;;;;;嬸;嬹;嬺;嬻;嬼;嬽;嬾;嬿;孁;孂;孃;孄;孅;孆;孇;巁;;;;;;;;;;;;;;;;;;;;
;;;;;;;孈;孉;孊;孋;孌;孍;孎;孏;孒;孖;孞;孠;孡;孧;孨;巓;;;;;;;;;;;;;;;;;;;;
;;;;;;;孭;孮;孯;孲;孴;孶;孷;學;孹;孻;孼;孾;孿;宂;宆;帍;;;;;;;;;;;;;;;;;;;;
;;;;;;;宍;宎;宐;宑;宒;宔;宖;実;宧;宨;宩;宬;宭;宮;宯;師;;;;;;;;;;;;;;;;;;;;
;;;;;;;宲;宷;宺;宻;宼;寀;寁;寃;寈;寉;寊;寋;寍;寎;寏;幆;;;;;;;;;;;;;;;;;;;;
;;;;;;;寑;寔;寕;寖;寗;寘;寙;寚;寛;寜;寠;寢;寣;實;寧;幙;;;;;;;;;;;;;;;;;;;;
;;;;;;;寪;寫;寬;寭;寯;寱;寲;寳;寴;寵;寶;寷;寽;対;尀;幭;;;;;;;;;;;;;;;;;;;;
;;;;;;;尃;尅;將;專;尋;尌;對;導;尐;尒;尓;尗;尙;尛;尞;庍;;;;;;;;;;;;;;;;;;;;
;;;;;;;尠;尡;尣;尦;尨;尩;尪;尫;尭;尮;尯;尰;尲;尳;尵;庯;;;;;;;;;;;;;;;;;;;;
;;;;;;;尷;屃;屄;屆;屇;屌;屍;屒;屓;屔;屖;屗;屘;屚;屛;廜;;;;;;;;;;;;;;;;;;;;
;;;;;;;屝;屟;屢;層;屧;屨;屩;屪;屫;屬;屭;屰;屲;屳;屴;廮;;;;;;;;;;;;;;;;;;;;
;;;;;;;屶;屷;屸;屻;屼;屽;屾;岀;岃;岄;岅;岆;岇;岉;岊;弌;;;;;;;;;;;;;;;;;;;;
;;;;;;;岎;岏;岒;岓;岕;岝;岞;岟;岠;岡;岤;岥;岦;岧;岨;弿;;;;;;;;;;;;;;;;;;;;
;;;;;;;岪;岮;岯;岰;岲;岴;岶;岹;岺;岻;岼;岾;峀;峂;峃;彑;;;;;;;;;;;;;;;;;;;;
;;;;;;;峆;峇;峈;峉;峊;峌;峍;峎;峏;峐;峑;峓;峔;峕;峖;彲;;;;;;;;;;;;;;;;;;;;
;;;;;;;峘;峚;峛;峜;峝;峞;峟;峠;峢;峣;峧;峩;峫;峬;峮;徔;;;;;;;;;;;;;;;;;;;;
;;;;;;;峱;峲;峳;峴;峵;島;峷;峸;峹;峺;峼;峽;峾;峿;崀;徬;;;;;;;;;;;;;;;;;;;;
;;;;;;;崁;崄;崅;崈;崉;崊;崋;崌;崍;崏;崐;崑;崒;崓;崕;忂;;;;;;;;;;;;;;;;;;;;
;;;;;;;崘;崙;崚;崜;崝;崟;崠;崡;崢;崣;崥;崨;崪;崫;崬;忥;;;;;;;;;;;;;;;;;;;;
;;;;;;;崰;崱;崲;崳;崵;崶;崷;崸;崹;崺;崻;崼;崿;嵀;嵁;怬;;;;;;;;;;;;;;;;;;;;
;;;;;;;嵃;嵄;嵅;嵆;嵈;嵉;嵍;嵎;嵏;嵐;嵑;嵒;嵓;嵔;嵕;恄;;;;;;;;;;;;;;;;;;;;
;;;;;;;嵗;嵙;嵚;嵜;嵞;嵟;嵠;嵡;嵢;嵣;嵤;嵥;嵦;嵧;嵨;恛;;;;;;;;;;;;;;;;;;;;
;;;;;;;嵭;嵮;嵰;嵱;嵲;嵳;嵵;嵶;嵷;嵸;嵹;嵺;嵻;嵼;嵽;悘;;;;;;;;;;;;;;;;;;;;
;;;;;;;嵿;嶀;嶁;嶃;嶄;嶅;嶆;嶇;嶈;嶉;嶊;嶋;嶌;嶍;嶎;悷;;;;;;;;;;;;;;;;;;;;
;;;;;;;嶐;嶑;嶒;嶓;嶔;嶕;嶖;嶗;嶘;嶚;嶛;嶜;嶞;嶟;嶠;惎;;;;;;;;;;;;;;;;;;;;
;;;;;;;嶡;嶢;嶣;嶤;嶥;嶦;嶧;嶨;嶩;嶪;嶫;嶬;嶭;嶮;嶯;惪;;;;;;;;;;;;;;;;;;;;
;;;;;;;嶱;嶲;嶳;嶴;嶵;嶶;嶸;嶹;嶺;嶻;嶼;嶽;嶾;嶿;巀;愊;;;;;;;;;;;;;;;;;;;;
;;;;;;;巂;巃;巄;巆;巇;巈;巉;巊;巋;巌;巎;巏;巐;巑;巒;愡;;;;;;;;;;;;;;;;;;;;
;;;;;;;巔;巕;巖;巗;巘;巙;巚;巜;巟;巠;巣;巤;巪;巬;巭;愶;;;;;;;;;;;;;;;;;;;;
;;;;;;;巰;巵;巶;巸;巹;巺;巻;巼;巿;帀;帄;帇;帉;帊;帋;慜;;;;;;;;;;;;;;;;;;;;
;;;;;;;帎;帒;帓;帗;帞;帟;帠;帡;帢;帣;帤;帥;帨;帩;帪;慱;;;;;;;;;;;;;;;;;;;;
;;;;;;;帬;帯;帰;帲;帳;帴;帵;帶;帹;帺;帾;帿;幀;幁;幃;憃;;;;;;;;;;;;;;;;;;;;
;;;;;;;幇;幈;幉;幊;幋;幍;幎;幏;幐;幑;幒;幓;幖;幗;幘;憦;;;;;;;;;;;;;;;;;;;;
;;;;;;;幚;幜;幝;幟;幠;幣;幤;幥;幦;幧;幨;幩;幪;幫;幬;憻;;;;;;;;;;;;;;;;;;;;
;;;;;;;幮;幯;幰;幱;幵;幷;幹;幾;庁;庂;広;庅;庈;庉;庌;懐;;;;;;;;;;;;;;;;;;;;
;;;;;;;庎;庒;庘;庛;庝;庡;庢;庣;庤;庨;庩;庪;庫;庬;庮;懣;;;;;;;;;;;;;;;;;;;;
;;;;;;;庰;庱;庲;庴;庺;庻;庼;庽;庿;廀;廁;廂;廃;廄;廅;懴;;;;;;;;;;;;;;;;;;;;
;;;;;;;廆;廇;廈;廋;廌;廍;廎;廏;廐;廔;廕;廗;廘;廙;廚;戇;;;;;;;;;;;;;;;;;;;;
;;;;;;;廝;廞;廟;廠;廡;廢;廣;廤;廥;廦;廧;廩;廫;廬;廭;戯;;;;;;;;;;;;;;;;;;;;
;;;;;;;廯;廰;廱;廲;廳;廵;廸;廹;廻;廼;廽;弅;弆;弇;弉;扥;;;;;;;;;;;;;;;;;;;;
;;;;;;;弍;弎;弐;弒;弔;弖;弙;弚;弜;弝;弞;弡;弢;弣;弤;抇;;;;;;;;;;;;;;;;;;;;
;;;;;;;弨;弫;弬;弮;弰;弲;弳;弴;張;弶;強;弸;弻;弽;弾;抩;;;;;;;;;;;;;;;;;;;;
;;;;;;;彁;彂;彃;彄;彅;彆;彇;彈;彉;彊;彋;彌;彍;彎;彏;拸;;;;;;;;;;;;;;;;;;;;
;;;;;;;彔;彙;彚;彛;彜;彞;彟;彠;彣;彥;彧;彨;彫;彮;彯;挓;;;;;;;;;;;;;;;;;;;;
;;;;;;;彴;彵;彶;彸;彺;彽;彾;彿;徃;徆;徍;徎;徏;徑;従;挴;;;;;;;;;;;;;;;;;;;;
;;;;;;;徖;徚;徛;徝;從;徟;徠;徢;徣;徤;徥;徦;徧;復;徫;捒;;;;;;;;;;;;;;;;;;;;
;;;;;;;徯;徰;徱;徲;徳;徴;徶;徸;徹;徺;徻;徾;徿;忀;忁;捪;;;;;;;;;;;;;;;;;;;;
;;;;;;;忇;忈;忊;忋;忎;忓;忔;忕;忚;忛;応;忞;忟;忢;忣;掃;;;;;;;;;;;;;;;;;;;;
;;;;;;;忦;忨;忩;忬;忯;忰;忲;忳;忴;忶;忷;忹;忺;忼;怇;掞;;;;;;;;;;;;;;;;;;;;
;;;;;;;怈;怉;怋;怌;怐;怑;怓;怗;怘;怚;怞;怟;怢;怣;怤;揙;;;;;;;;;;;;;;;;;;;;
;;;;;;;怭;怮;怰;怱;怲;怳;怴;怶;怷;怸;怹;怺;怽;怾;恀;揰;;;;;;;;;;;;;;;;;;;;
;;;;;;;恅;恆;恇;恈;恉;恊;恌;恎;恏;恑;恓;恔;恖;恗;恘;搊;;;;;;;;;;;;;;;;;;;;
;;;;;;;恜;恞;恟;恠;恡;恥;恦;恮;恱;恲;恴;恵;恷;恾;悀;搹;;;;;;;;;;;;;;;;;;;;
;;;;;;;悁;悂;悅;悆;悇;悈;悊;悋;悎;悏;悐;悑;悓;悕;悗;摕;;;;;;;;;;;;;;;;;;;;
;;;;;;;悙;悜;悞;悡;悢;悤;悥;悧;悩;悪;悮;悰;悳;悵;悶;摨;;;;;;;;;;;;;;;;;;;;
;;;;;;;悹;悺;悽;悾;悿;惀;惁;惂;惃;惄;惇;惈;惉;惌;惍;摽;;;;;;;;;;;;;;;;;;;;
;;;;;;;惏;惐;惒;惓;惔;惖;惗;惙;惛;惞;惡;惢;惣;惤;惥;撓;;;;;;;;;;;;;;;;;;;;
;;;;;;;惱;惲;惵;惷;惸;惻;惼;惽;惾;惿;愂;愃;愄;愅;愇;撨;;;;;;;;;;;;;;;;;;;;
;;;;;;;愋;愌;愐;愑;愒;愓;愔;愖;愗;愘;愙;愛;愜;愝;愞;擄;;;;;;;;;;;;;;;;;;;;
;;;;;;;愢;愥;愨;愩;愪;愬;愭;愮;愯;愰;愱;愲;愳;愴;愵;擮;;;;;;;;;;;;;;;;;;;;
;;;;;;;愷;愸;愹;愺;愻;愼;愽;愾;慀;慁;慂;慃;慄;慅;慆;擾;;;;;;;;;;;;;;;;;;;;
;;;;;;;慇;慉;態;慍;慏;慐;慒;慓;慔;慖;慗;慘;慙;慚;慛;攐;;;;;;;;;;;;;;;;;;;;
;;;;;;;慞;慟;慠;慡;慣;慤;慥;慦;慩;慪;慫;慬;慭;慮;慯;攺;;;;;;;;;;;;;;;;;;;;
;;;;;;;慲;慳;慴;慶;慸;慹;慺;慻;慼;慽;慾;慿;憀;憁;憂;敓;;;;;;;;;;;;;;;;;;;;
;;;;;;;憄;憅;憆;憇;憈;憉;憊;憌;憍;憏;憐;憑;憒;憓;憕;敮;;;;;;;;;;;;;;;;;;;;
;;;;;;;憖;憗;憘;憙;憚;憛;憜;憞;憟;憠;憡;憢;憣;憤;憥;斂;;;;;;;;;;;;;;;;;;;;
;;;;;;;憪;憫;憭;憮;憯;憰;憱;憲;憳;憴;憵;憶;憸;憹;憺;斚;;;;;;;;;;;;;;;;;;;;
;;;;;;;憼;憽;憿;懀;懁;懃;懄;懅;懆;懇;應;懌;懍;懎;懏;斶;;;;;;;;;;;;;;;;;;;;
;;;;;;;懓;懕;懖;懗;懘;懙;懚;懛;懜;懝;懞;懟;懠;懡;懢;旓;;;;;;;;;;;;;;;;;;;;
;;;;;;;懤;懥;懧;懨;懩;懪;懫;懬;懭;懮;懯;懰;懱;懲;懳;昈;;;;;;;;;;;;;;;;;;;;
;;;;;;;懶;懷;懸;懹;懺;懻;懼;懽;懾;戀;戁;戂;戃;戄;戅;昣;;;;;;;;;;;;;;;;;;;;
;;;;;;;戉;戓;戔;戙;戜;戝;戞;戠;戣;戦;戧;戨;戩;戫;戭;昽;;;;;;;;;;;;;;;;;;;;
;;;;;;;戰;戱;戲;戵;戶;戸;戹;戺;戻;戼;扂;扄;扅;扆;扊;晱;;;;;;;;;;;;;;;;;;;;
;;;;;;;扏;扐;払;扖;扗;扙;扚;扜;扝;扞;扟;扠;扡;扢;扤;暉;;;;;;;;;;;;;;;;;;;;
;;;;;;;扨;扱;扲;扴;扵;扷;扸;扺;扻;扽;抁;抂;抃;抅;抆;暞;;;;;;;;;;;;;;;;;;;;
;;;;;;;抈;抋;抌;抍;抎;抏;抐;抔;抙;抜;抝;択;抣;抦;抧;暱;;;;;;;;;;;;;;;;;;;;
;;;;;;;抪;抭;抮;抯;抰;抲;抳;抴;抶;抷;抸;抺;抾;拀;拁;曄;;;;;;;;;;;;;;;;;;;;
;;;;;;;拃;拋;拏;拑;拕;拝;拞;拠;拡;拤;拪;拫;拰;拲;拵;曔;;;;;;;;;;;;;;;;;;;;
;;;;;;;拹;拺;拻;挀;挃;挄;挅;挆;挊;挋;挌;挍;挏;挐;挒;曪;;;;;;;;;;;;;;;;;;;;
;;;;;;;挔;挕;挗;挘;挙;挜;挦;挧;挩;挬;挭;挮;挰;挱;挳;朞;;;;;;;;;;;;;;;;;;;;
;;;;;;;挵;挶;挷;挸;挻;挼;挾;挿;捀;捁;捄;捇;捈;捊;捑;朹;;;;;;;;;;;;;;;;;;;;
;;;;;;;捓;捔;捖;捗;捘;捙;捚;捛;捜;捝;捠;捤;捥;捦;捨;杘;;;;;;;;;;;;;;;;;;;;
;;;;;;;捫;捬;捯;捰;捲;捳;捴;捵;捸;捹;捼;捽;捾;捿;掁;枏;;;;;;;;;;;;;;;;;;;;
;;;;;;;掄;掅;掆;掋;掍;掑;掓;掔;掕;掗;掙;掚;掛;掜;掝;枱;;;;;;;;;;;;;;;;;;;;
;;;;;;;掟;採;掤;掦;掫;掯;掱;掲;掵;掶;掹;掻;掽;掿;揀;柉;;;;;;;;;;;;;;;;;;;;
;;;;;;;揁;揂;揃;揅;揇;揈;揊;揋;揌;揑;揓;揔;揕;揗;揘;柨;;;;;;;;;;;;;;;;;;;;
;;;;;;;揚;換;揜;揝;揟;揢;揤;揥;揦;揧;揨;揫;揬;揮;揯;栂;;;;;;;;;;;;;;;;;;;;
;;;;;;;揱;揳;揵;揷;揹;揺;揻;揼;揾;搃;搄;搆;搇;搈;搉;栠;;;;;;;;;;;;;;;;;;;;
;;;;;;;損;搎;搑;搒;搕;搖;搗;搘;搙;搚;搝;搟;搢;搣;搤;栵;;;;;;;;;;;;;;;;;;;;
;;;;;;;搥;搧;搨;搩;搫;搮;搯;搰;搱;搲;搳;搵;搶;搷;搸;桹;;;;;;;;;;;;;;;;;;;;
;;;;;;;搻;搼;搾;摀;摂;摃;摉;摋;摌;摍;摎;摏;摐;摑;摓;梍;;;;;;;;;;;;;;;;;;;;
;;;;;;;摖;摗;摙;摚;摛;摜;摝;摟;摠;摡;摢;摣;摤;摥;摦;梠;;;;;;;;;;;;;;;;;;;;
;;;;;;;摪;摫;摬;摮;摯;摰;摱;摲;摳;摴;摵;摶;摷;摻;摼;棌;;;;;;;;;;;;;;;;;;;;
;;;;;;;摾;摿;撀;撁;撃;撆;撈;撉;撊;撋;撌;撍;撎;撏;撐;棢;;;;;;;;;;;;;;;;;;;;
;;;;;;;撔;撗;撘;撚;撛;撜;撝;撟;撠;撡;撢;撣;撥;撦;撧;棷;;;;;;;;;;;;;;;;;;;;
;;;;;;;撪;撫;撯;撱;撲;撳;撴;撶;撹;撻;撽;撾;撿;擁;擃;椏;;;;;;;;;;;;;;;;;;;;
;;;;;;;擆;擇;擈;擉;擊;擋;擌;擏;擑;擓;擔;擕;擖;擙;據;椣;;;;;;;;;;;;;;;;;;;;
;;;;;;;擛;擜;擝;擟;擠;擡;擣;擥;擧;擨;擩;擪;擫;擬;擭;椷;;;;;;;;;;;;;;;;;;;;
;;;;;;;擯;擰;擱;擲;擳;擴;擵;擶;擷;擸;擹;擺;擻;擼;擽;楋;;;;;;;;;;;;;;;;;;;;
;;;;;;;擿;攁;攂;攃;攄;攅;攆;攇;攈;攊;攋;攌;攍;攎;攏;極;;;;;;;;;;;;;;;;;;;;
;;;;;;;攑;攓;攔;攕;攖;攗;攙;攚;攛;攜;攝;攞;攟;攠;攡;榑;;;;;;;;;;;;;;;;;;;;
;;;;;;;攢;攣;攤;攦;攧;攨;攩;攪;攬;攭;攰;攱;攲;攳;攷;榦;;;;;;;;;;;;;;;;;;;;
;;;;;;;攼;攽;敀;敁;敂;敃;敄;敆;敇;敊;敋;敍;敎;敐;敒;槒;;;;;;;;;;;;;;;;;;;;
;;;;;;;敔;敗;敘;敚;敜;敟;敠;敡;敤;敥;敧;敨;敩;敪;敭;槦;;;;;;;;;;;;;;;;;;;;
;;;;;;;敯;敱;敳;敵;敶;數;敹;敺;敻;敼;敽;敾;敿;斀;斁;槸;;;;;;;;;;;;;;;;;;;;
;;;;;;;斃;斄;斅;斆;斈;斉;斊;斍;斎;斏;斒;斔;斕;斖;斘;樋;;;;;;;;;;;;;;;;;;;;
;;;;;;;斝;斞;斠;斢;斣;斦;斨;斪;斬;斮;斱;斲;斳;斴;斵;樝;;;;;;;;;;;;;;;;;;;;
;;;;;;;斷;斸;斺;斻;斾;斿;旀;旂;旇;旈;旉;旊;旍;旐;旑;樳;;;;;;;;;;;;;;;;;;;;
;;;;;;;旔;旕;旘;旙;旚;旛;旜;旝;旞;旟;旡;旣;旤;旪;旫;橈;;;;;;;;;;;;;;;;;;;;
;;;;;;;旲;旳;旴;旵;旸;旹;旻;旼;旽;旾;旿;昁;昄;昅;昇;橭;;;;;;;;;;;;;;;;;;;;
;;;;;;;昉;昋;昍;昐;昑;昒;昖;昗;昘;昚;昛;昜;昞;昡;昢;檁;;;;;;;;;;;;;;;;;;;;
;;;;;;;昤;昦;昩;昪;昫;昬;昮;昰;昲;昳;昷;昸;昹;昺;昻;檕;;;;;;;;;;;;;;;;;;;;
;;;;;;;昿;晀;時;晄;晅;晆;晇;晈;晉;晊;晍;晎;晐;晑;晘;檹;;;;;;;;;;;;;;;;;;;;
;;;;;;;晙;晛;晜;晝;晞;晠;晢;晣;晥;晧;晩;晪;晫;晬;晭;櫉;;;;;;;;;;;;;;;;;;;;
;;;;;;;晲;晳;晵;晸;晹;晻;晼;晽;晿;暀;暁;暃;暅;暆;暈;櫙;;;;;;;;;;;;;;;;;;;;
;;;;;;;暊;暋;暍;暎;暏;暐;暒;暓;暔;暕;暘;暙;暚;暛;暜;櫩;;;;;;;;;;;;;;;;;;;;
;;;;;;;暟;暠;暡;暢;暣;暤;暥;暦;暩;暪;暫;暬;暭;暯;暰;櫹;;;;;;;;;;;;;;;;;;;;
;;;;;;;暲;暳;暵;暶;暷;暸;暺;暻;暼;暽;暿;曀;曁;曂;曃;欉;;;;;;;;;;;;;;;;;;;;
;;;;;;;曅;曆;曇;曈;曉;曊;曋;曌;曍;曎;曏;曐;曑;曒;曓;欙;;;;;;;;;;;;;;;;;;;;
;;;;;;;曕;曖;曗;曘;曚;曞;曟;曠;曡;曢;曣;曤;曥;曧;曨;歄;;;;;;;;;;;;;;;;;;;;
;;;;;;;曫;曬;曭;曮;曯;曱;曵;曶;書;曺;曻;曽;朁;朂;會;歘;;;;;;;;;;;;;;;;;;;;
;;;;;;;朄;朅;朆;朇;朌;朎;朏;朑;朒;朓;朖;朘;朙;朚;朜;歰;;;;;;;;;;;;;;;;;;;;
;;;;;;;朠;朡;朢;朣;朤;朥;朧;朩;朮;朰;朲;朳;朶;朷;朸;殢;;;;;;;;;;;;;;;;;;;;
;;;;;;;朻;朼;朾;朿;杁;杄;杅;杇;杊;杋;杍;杒;杔;杕;杗;殶;;;;;;;;;;;;;;;;;;;;
;;;;;;;杙;杚;杛;杝;杢;杣;杤;杦;杧;杫;杬;杮;東;杴;杶;毌;;;;;;;;;;;;;;;;;;;;
;;;;;;;杸;杹;杺;杻;杽;枀;枂;枃;枅;枆;枈;枊;枌;枍;枎;毧;;;;;;;;;;;;;;;;;;;;
;;;;;;;枑;枒;枓;枔;枖;枙;枛;枟;枠;枡;枤;枦;枩;枬;枮;毾;;;;;;;;;;;;;;;;;;;;
;;;;;;;枲;枴;枹;枺;枻;枼;枽;枾;枿;柀;柂;柅;柆;柇;柈;氝;;;;;;;;;;;;;;;;;;;;
;;;;;;;柊;柋;柌;柍;柎;柕;柖;柗;柛;柟;柡;柣;柤;柦;柧;氾;;;;;;;;;;;;;;;;;;;;
;;;;;;;柪;柫;柭;柮;柲;柵;柶;柷;柸;柹;柺;査;柼;柾;栁;汷;;;;;;;;;;;;;;;;;;;;
;;;;;;;栃;栄;栆;栍;栐;栒;栔;栕;栘;栙;栚;栛;栜;栞;栟;沖;;;;;;;;;;;;;;;;;;;;
;;;;;;;栢;栣;栤;栥;栦;栧;栨;栫;栬;栭;栮;栯;栰;栱;栴;沷;;;;;;;;;;;;;;;;;;;;
;;;;;;;栶;栺;栻;栿;桇;桋;桍;桏;桒;桖;桗;桘;桙;桚;桛;洀;;;;;;;;;;;;;;;;;;;;
;;;;;;;桜;桝;桞;桟;桪;桬;桭;桮;桯;桰;桱;桲;桳;桵;桸;洘;;;;;;;;;;;;;;;;;;;;
;;;;;;;桺;桻;桼;桽;桾;桿;梀;梂;梄;梇;梈;梉;梊;梋;梌;洴;;;;;;;;;;;;;;;;;;;;
;;;;;;;梎;梐;梑;梒;梔;梕;梖;梘;梙;梚;梛;梜;條;梞;梟;浛;;;;;;;;;;;;;;;;;;;;
;;;;;;;梡;梣;梤;梥;梩;梪;梫;梬;梮;梱;梲;梴;梶;梷;梸;浵;;;;;;;;;;;;;;;;;;;;
;;;;;;;梹;梺;梻;梼;梽;梾;梿;棁;棃;棄;棅;棆;棇;棈;棊;涍;;;;;;;;;;;;;;;;;;;;
;;;;;;;棎;棏;棐;棑;棓;棔;棖;棗;棙;棛;棜;棝;棞;棟;棡;涳;;;;;;;;;;;;;;;;;;;;
;;;;;;;棤;棥;棦;棧;棨;棩;棪;棫;棬;棭;棯;棲;棳;棴;棶;淥;;;;;;;;;;;;;;;;;;;;
;;;;;;;棸;棻;棽;棾;棿;椀;椂;椃;椄;椆;椇;椈;椉;椊;椌;淿;;;;;;;;;;;;;;;;;;;;
;;;;;;;椑;椓;椔;椕;椖;椗;椘;椙;椚;椛;検;椝;椞;椡;椢;渙;;;;;;;;;;;;;;;;;;;;
;;;;;;;椥;椦;椧;椨;椩;椪;椫;椬;椮;椯;椱;椲;椳;椵;椶;湉;;;;;;;;;;;;;;;;;;;;
;;;;;;;椸;椺;椻;椼;椾;楀;楁;楃;楄;楅;楆;楇;楈;楉;楊;湡;;;;;;;;;;;;;;;;;;;;
;;;;;;;楌;楍;楎;楏;楐;楑;楒;楓;楕;楖;楘;楙;楛;楜;楟;湳;;;;;;;;;;;;;;;;;;;;
;;;;;;;楡;楢;楤;楥;楧;楨;楩;楪;楬;業;楯;楰;楲;楳;楴;溈;;;;;;;;;;;;;;;;;;;;
;;;;;;;楶;楺;楻;楽;楾;楿;榁;榃;榅;榊;榋;榌;榎;榏;榐;溝;;;;;;;;;;;;;;;;;;;;
;;;;;;;榒;榓;榖;榗;榙;榚;榝;榞;榟;榠;榡;榢;榣;榤;榥;溸;;;;;;;;;;;;;;;;;;;;
;;;;;;;榩;榪;榬;榮;榯;榰;榲;榳;榵;榶;榸;榹;榺;榼;榽;滐;;;;;;;;;;;;;;;;;;;;
;;;;;;;榾;榿;槀;槂;槃;槄;槅;槆;槇;槈;槉;構;槍;槏;槑;漁;;;;;;;;;;;;;;;;;;;;
;;;;;;;槓;槕;槖;槗;様;槙;槚;槜;槝;槞;槡;槢;槣;槤;槥;漘;;;;;;;;;;;;;;;;;;;;
;;;;;;;槧;槨;槩;槪;槫;槬;槮;槯;槰;槱;槳;槴;槵;槶;槷;漮;;;;;;;;;;;;;;;;;;;;
;;;;;;;槹;槺;槻;槼;槾;樀;樁;樂;樃;樄;樅;樆;樇;樈;樉;潖;;;;;;;;;;;;;;;;;;;;
;;;;;;;樌;樍;樎;樏;樐;樑;樒;樓;樔;樕;樖;標;樚;樛;樜;潫;;;;;;;;;;;;;;;;;;;;
;;;;;;;樞;樠;樢;樣;樤;樥;樦;樧;権;樫;樬;樭;樮;樰;樲;澂;;;;;;;;;;;;;;;;;;;;
;;;;;;;樴;樶;樷;樸;樹;樺;樻;樼;樿;橀;橁;橂;橃;橅;橆;澘;;;;;;;;;;;;;;;;;;;;
;;;;;;;橉;橊;橋;橌;橍;橎;橏;橑;橒;橓;橔;橕;橖;橗;橚;澫;;;;;;;;;;;;;;;;;;;;
;;;;;;;橜;橝;橞;機;橠;橢;橣;橤;橦;橧;橨;橩;橪;橫;橬;澾;;;;;;;;;;;;;;;;;;;;
;;;;;;;橮;橯;橰;橲;橳;橴;橵;橶;橷;橸;橺;橻;橽;橾;橿;濓;;;;;;;;;;;;;;;;;;;;
;;;;;;;檂;檃;檅;檆;檇;檈;檉;檊;檋;檌;檍;檏;檒;檓;檔;濷;;;;;;;;;;;;;;;;;;;;
;;;;;;;檖;檘;檙;檚;檛;檜;檝;檞;檟;檡;檢;檣;檤;檥;檦;瀇;;;;;;;;;;;;;;;;;;;;
;;;;;;;檧;檨;檪;檭;檮;檯;檰;檱;檲;檳;檴;檵;檶;檷;檸;瀘;;;;;;;;;;;;;;;;;;;;
;;;;;;;檺;檻;檼;檽;檾;檿;櫀;櫁;櫂;櫃;櫄;櫅;櫆;櫇;櫈;瀼;;;;;;;;;;;;;;;;;;;;
;;;;;;;櫊;櫋;櫌;櫍;櫎;櫏;櫐;櫑;櫒;櫓;櫔;櫕;櫖;櫗;櫘;灍;;;;;;;;;;;;;;;;;;;;
;;;;;;;櫚;櫛;櫜;櫝;櫞;櫟;櫠;櫡;櫢;櫣;櫤;櫥;櫦;櫧;櫨;灟;;;;;;;;;;;;;;;;;;;;
;;;;;;;櫪;櫫;櫬;櫭;櫮;櫯;櫰;櫱;櫲;櫳;櫴;櫵;櫶;櫷;櫸;灴;;;;;;;;;;;;;;;;;;;;
;;;;;;;櫺;櫻;櫼;櫽;櫾;櫿;欀;欁;欂;欃;欄;欅;欆;欇;欈;炏;;;;;;;;;;;;;;;;;;;;
;;;;;;;權;欋;欌;欍;欎;欏;欐;欑;欒;欓;欔;欕;欖;欗;欘;炦;;;;;;;;;;;;;;;;;;;;
;;;;;;;欚;欛;欜;欝;欞;欟;欥;欦;欨;欩;欪;欫;欬;欭;欮;烇;;;;;;;;;;;;;;;;;;;;
;;;;;;;欯;欰;欱;欳;欴;欵;欶;欸;欻;欼;欽;欿;歀;歁;歂;烵;;;;;;;;;;;;;;;;;;;;
;;;;;;;歅;歈;歊;歋;歍;歎;歏;歐;歑;歒;歓;歔;歕;歖;歗;焈;;;;;;;;;;;;;;;;;;;;
;;;;;;;歚;歛;歜;歝;歞;歟;歠;歡;歨;歩;歫;歬;歭;歮;歯;無;;;;;;;;;;;;;;;;;;;;
;;;;;;;歱;歲;歳;歴;歵;歶;歷;歸;歺;歽;歾;歿;殀;殅;殈;煆;;;;;;;;;;;;;;;;;;;;
;;;;;;;殌;殎;殏;殐;殑;殔;殕;殗;殘;殙;殜;殝;殞;殟;殠;煙;;;;;;;;;;;;;;;;;;;;
;;;;;;;殣;殤;殥;殦;殧;殨;殩;殫;殬;殭;殮;殯;殰;殱;殲;煰;;;;;;;;;;;;;;;;;;;;
;;;;;;;殸;殹;殺;殻;殼;殽;殾;毀;毃;毄;毆;毇;毈;毉;毊;熆;;;;;;;;;;;;;;;;;;;;
;;;;;;;毎;毐;毑;毘;毚;毜;毝;毞;毟;毠;毢;毣;毤;毥;毦;熛;;;;;;;;;;;;;;;;;;;;
;;;;;;;毨;毩;毬;毭;毮;毰;毱;毲;毴;毶;毷;毸;毺;毻;毼;熯;;;;;;;;;;;;;;;;;;;;
;;;;;;;毿;氀;氁;氂;氃;氄;氈;氉;氊;氋;氌;氎;氒;気;氜;燂;;;;;;;;;;;;;;;;;;;;
;;;;;;;氞;氠;氣;氥;氫;氬;氭;氱;氳;氶;氷;氹;氺;氻;氼;燨;;;;;;;;;;;;;;;;;;;;
;;;;;;;氿;汃;汄;汅;汈;汋;汌;汍;汎;汏;汑;汒;汓;汖;汘;燺;;;;;;;;;;;;;;;;;;;;
;;;;;;;汙;汚;汢;汣;汥;汦;汧;汫;汬;汭;汮;汯;汱;汳;汵;爋;;;;;;;;;;;;;;;;;;;;
;;;;;;;汸;決;汻;汼;汿;沀;沄;沇;沊;沋;沍;沎;沑;沒;沕;爮;;;;;;;;;;;;;;;;;;;;
;;;;;;;沗;沘;沚;沜;沝;沞;沠;沢;沨;沬;沯;沰;沴;沵;沶;牊;;;;;;;;;;;;;;;;;;;;
;;;;;;;沺;泀;況;泂;泃;泆;泇;泈;泋;泍;泎;泏;泑;泒;泘;牤;;;;;;;;;;;;;;;;;;;;
;;;;;;;泙;泚;泜;泝;泟;泤;泦;泧;泩;泬;泭;泲;泴;泹;泿;牽;;;;;;;;;;;;;;;;;;;;
;;;;;;;洂;洃;洅;洆;洈;洉;洊;洍;洏;洐;洑;洓;洔;洕;洖;犗;;;;;;;;;;;;;;;;;;;;
;;;;;;;洜;洝;洟;洠;洡;洢;洣;洤;洦;洨;洩;洬;洭;洯;洰;犨;;;;;;;;;;;;;;;;;;;;
;;;;;;;洶;洷;洸;洺;洿;浀;浂;浄;浉;浌;浐;浕;浖;浗;浘;狅;;;;;;;;;;;;;;;;;;;;
;;;;;;;浝;浟;浡;浢;浤;浥;浧;浨;浫;浬;浭;浰;浱;浲;浳;く;;;;;;;;;;;;;;;;;;;;
;;;;;;;浶;浹;浺;浻;浽;浾;浿;涀;涁;涃;涄;涆;涇;涊;涋;た;;;;;;;;;;;;;;;;;;;;
;;;;;;;涏;涐;涒;涖;涗;涘;涙;涚;涜;涢;涥;涬;涭;涰;涱;は;;;;;;;;;;;;;;;;;;;;
;;;;;;;涴;涶;涷;涹;涺;涻;涼;涽;涾;淁;淂;淃;淈;淉;淊;み;;;;;;;;;;;;;;;;;;;;
;;;;;;;淍;淎;淏;淐;淒;淓;淔;淕;淗;淚;淛;淜;淟;淢;淣;わ;;;;;;;;;;;;;;;;;;;;
;;;;;;;淧;淨;淩;淪;淭;淯;淰;淲;淴;淵;淶;淸;淺;淽;淾;ク;;;;;;;;;;;;;;;;;;;;
;;;;;;;渀;渁;渂;渃;渄;渆;渇;済;渉;渋;渏;渒;渓;渕;渘;タ;;;;;;;;;;;;;;;;;;;;
;;;;;;;減;渜;渞;渟;渢;渦;渧;渨;渪;測;渮;渰;渱;渳;渵;ハ;;;;;;;;;;;;;;;;;;;;
;;;;;;;渶;渷;渹;渻;渼;渽;渾;渿;湀;湁;湂;湅;湆;湇;湈;ミ;;;;;;;;;;;;;;;;;;;;
;;;;;;;湊;湋;湌;湏;湐;湑;湒;湕;湗;湙;湚;湜;湝;湞;湠;ワ;;;;;;;;;;;;;;;;;;;;
;;;;;;;湢;湣;湤;湥;湦;湧;湨;湩;湪;湬;湭;湯;湰;湱;湲;狾;;;;;;;;;;;;;;;;;;;;
;;;;;;;湴;湵;湶;湷;湸;湹;湺;湻;湼;湽;満;溁;溂;溄;溇;猒;;;;;;;;;;;;;;;;;;;;
;;;;;;;溊;溋;溌;溍;溎;溑;溒;溓;溔;溕;準;溗;溙;溚;溛;猳;;;;;;;;;;;;;;;;;;;;
;;;;;;;溞;溠;溡;溣;溤;溦;溨;溩;溫;溬;溭;溮;溰;溳;溵;獱;;;;;;;;;;;;;;;;;;;;
;;;;;;;溹;溼;溾;溿;滀;滃;滄;滅;滆;滈;滉;滊;滌;滍;滎;獜;;;;;;;;;;;;;;;;;;;;
;;;;;;;滒;滖;滘;滙;滛;滜;滝;滣;滧;滪;滫;滬;滭;滮;滯;獰;;;;;;;;;;;;;;;;;;;;
;;;;;;;滰;滱;滲;滳;滵;滶;滷;滸;滺;滻;滼;滽;滾;滿;漀;玂;;;;;;;;;;;;;;;;;;;;
;;;;;;;漃;漄;漅;漇;漈;漊;漋;漌;漍;漎;漐;漑;漒;漖;漗;玙;;;;;;;;;;;;;;;;;;;;
;;;;;;;漙;漚;漛;漜;漝;漞;漟;漡;漢;漣;漥;漦;漧;漨;漬;玱;;;;;;;;;;;;;;;;;;;;
;;;;;;;漰;漲;漴;漵;漷;漸;漹;漺;漻;漼;漽;漿;潀;潁;潂;珷;;;;;;;;;;;;;;;;;;;;
;;;;;;;潃;潄;潅;潈;潉;潊;潌;潎;潏;潐;潑;潒;潓;潔;潕;珡;;;;;;;;;;;;;;;;;;;;
;;;;;;;潗;潙;潚;潛;潝;潟;潠;潡;潣;潤;潥;潧;潨;潩;潪;珶;;;;;;;;;;;;;;;;;;;;
;;;;;;;潬;潯;潰;潱;潳;潵;潶;潷;潹;潻;潽;潾;潿;澀;澁;琌;;;;;;;;;;;;;;;;;;;;
;;;;;;;澃;澅;澆;澇;澊;澋;澏;澐;澑;澒;澓;澔;澕;澖;澗;琠;;;;;;;;;;;;;;;;;;;;
;;;;;;;澙;澚;澛;澝;澞;澟;澠;澢;澣;澤;澥;澦;澨;澩;澪;琽;;;;;;;;;;;;;;;;;;;;
;;;;;;;澬;澭;澮;澯;澰;澱;澲;澴;澵;澷;澸;澺;澻;澼;澽;瑺;;;;;;;;;;;;;;;;;;;;
;;;;;;;澿;濁;濃;濄;濅;濆;濇;濈;濊;濋;濌;濍;濎;濏;濐;瑥;;;;;;;;;;;;;;;;;;;;
;;;;;;;濔;濕;濖;濗;濘;濙;濚;濛;濜;濝;濟;濢;濣;濤;濥;瑹;;;;;;;;;;;;;;;;;;;;
;;;;;;;濦;濧;濨;濩;濪;濫;濬;濭;濰;濱;濲;濳;濴;濵;濶;璒;;;;;;;;;;;;;;;;;;;;
;;;;;;;濸;濹;濺;濻;濼;濽;濾;濿;瀀;瀁;瀂;瀃;瀄;瀅;瀆;璤;;;;;;;;;;;;;;;;;;;;
;;;;;;;瀈;瀉;瀊;瀋;瀌;瀍;瀎;瀏;瀐;瀒;瀓;瀔;瀕;瀖;瀗;璷;;;;;;;;;;;;;;;;;;;;
;;;;;;;瀙;瀜;瀝;瀞;瀟;瀠;瀡;瀢;瀤;瀥;瀦;瀧;瀨;瀩;瀪;瓲;;;;;;;;;;;;;;;;;;;;
;;;;;;;瀫;瀬;瀭;瀮;瀯;瀰;瀱;瀲;瀳;瀴;瀶;瀷;瀸;瀺;瀻;瓘;;;;;;;;;;;;;;;;;;;;
;;;;;;;瀽;瀾;瀿;灀;灁;灂;灃;灄;灅;灆;灇;灈;灉;灊;灋;瓱;;;;;;;;;;;;;;;;;;;;
;;;;;;;灎;灐;灑;灒;灓;灔;灕;灖;灗;灘;灙;灚;灛;灜;灝;甇;;;;;;;;;;;;;;;;;;;;
;;;;;;;灠;灡;灢;灣;灤;灥;灦;灧;灨;灩;灪;灮;灱;灲;灳;甠;;;;;;;;;;;;;;;;;;;;
;;;;;;;灷;灹;灺;灻;災;炁;炂;炃;炄;炆;炇;炈;炋;炌;炍;畂;;;;;;;;;;;;;;;;;;;;
;;;;;;;炐;炑;炓;炗;炘;炚;炛;炞;炟;炠;炡;炢;炣;炤;炥;畯;;;;;;;;;;;;;;;;;;;;
;;;;;;;炧;炨;炩;炪;炰;炲;炴;炵;炶;為;炾;炿;烄;烅;烆;疅;;;;;;;;;;;;;;;;;;;;
;;;;;;;烉;烋;烌;烍;烎;烏;烐;烑;烒;烓;烔;烕;烖;烗;烚;疧;;;;;;;;;;;;;;;;;;;;
;;;;;;;烜;烝;烞;烠;烡;烢;烣;烥;烪;烮;烰;烱;烲;烳;烴;痏;;;;;;;;;;;;;;;;;;;;
;;;;;;;烶;烸;烺;烻;烼;烾;烿;焀;焁;焂;焃;焄;焅;焆;焇;痮;;;;;;;;;;;;;;;;;;;;
;;;;;;;焋;焌;焍;焎;焏;焑;焒;焔;焗;焛;焜;焝;焞;焟;焠;瘡;;;;;;;;;;;;;;;;;;;;
;;;;;;;焢;焣;焤;焥;焧;焨;焩;焪;焫;焬;焭;焮;焲;焳;焴;療;;;;;;;;;;;;;;;;;;;;
;;;;;;;焵;焷;焸;焹;焺;焻;焼;焽;焾;焿;煀;煁;煂;煃;煄;癘;;;;;;;;;;;;;;;;;;;;
;;;;;;;煇;煈;煉;煋;煍;煏;煐;煑;煒;煓;煔;煕;煖;煗;煘;癬;;;;;;;;;;;;;;;;;;;;
;;;;;;;煚;煛;煝;煟;煠;煡;煢;煣;煥;煩;煪;煫;煬;煭;煯;皁;;;;;;;;;;;;;;;;;;;;
;;;;;;;煱;煴;煵;煶;煷;煹;煻;煼;煾;煿;熀;熁;熂;熃;熅;皬;;;;;;;;;;;;;;;;;;;;
;;;;;;;熇;熈;熉;熋;熌;熍;熎;熐;熑;熒;熓;熕;熖;熗;熚;盁;;;;;;;;;;;;;;;;;;;;
;;;;;;;熜;熝;熞;熡;熢;熣;熤;熥;熦;熧;熩;熪;熫;熭;熮;隘;;;;;;;;;;;;;;;;;;;;
;;;;;;;熰;熱;熲;熴;熶;熷;熸;熺;熻;熼;熽;熾;熿;燀;燁;翱;;;;;;;;;;;;;;;;;;;;
;;;;;;;燄;燅;燆;燇;燈;燉;燊;燋;燌;燍;燏;燐;燑;燒;燓;跋;;;;;;;;;;;;;;;;;;;;
;;;;;;;燖;燗;燘;燙;燚;燛;燜;燝;燞;營;燡;燢;燣;燤;燦;斑;;;;;;;;;;;;;;;;;;;;
;;;;;;;燩;燪;燫;燬;燭;燯;燰;燱;燲;燳;燴;燵;燶;燷;燸;帮;;;;;;;;;;;;;;;;;;;;
;;;;;;;燻;燼;燽;燾;燿;爀;爁;爂;爃;爄;爅;爇;爈;爉;爊;監;;;;;;;;;;;;;;;;;;;;
;;;;;;;爌;爍;爎;爏;爐;爑;爒;爓;爔;爕;爖;爗;爘;爙;爚;盻;;;;;;;;;;;;;;;;;;;;
;;;;;;;爛;爜;爞;爟;爠;爡;爢;爣;爤;爥;爦;爧;爩;爫;爭;眔;;;;;;;;;;;;;;;;;;;;
;;;;;;;爯;爲;爳;爴;爺;爼;爾;牀;牁;牂;牃;牄;牅;牆;牉;睆;;;;;;;;;;;;;;;;;;;;
;;;;;;;牋;牎;牏;牐;牑;牓;牔;牕;牗;牘;牚;牜;牞;牠;牣;睙;;;;;;;;;;;;;;;;;;;;
;;;;;;;牥;牨;牪;牫;牬;牭;牰;牱;牳;牴;牶;牷;牸;牻;牼;悲;;;;;;;;;;;;;;;;;;;;
;;;;;;;犂;犃;犅;犆;犇;犈;犉;犌;犎;犐;犑;犓;犔;犕;犖;笨;;;;;;;;;;;;;;;;;;;;
;;;;;;;犘;犙;犚;犛;犜;犝;犞;犠;犡;犢;犣;犤;犥;犦;犧;毕;;;;;;;;;;;;;;;;;;;;
;;;;;;;犩;犪;犫;犮;犱;犲;犳;犵;犺;犻;犼;犽;犾;犿;狀;边;;;;;;;;;;;;;;;;;;;;
;;;;;;;狆;狇;狉;狊;狋;狌;狏;狑;狓;狔;狕;狖;狘;狚;狛;憋;;;;;;;;;;;;;;;;;;;;
;;;;;;;ぐ;ぁ;あ;ぃ;い;ぅ;う;ぇ;え;ぉ;お;か;が;き;ぎ;睴;;;;;;;;;;;;;;;;;;;;
;;;;;;;だ;け;げ;こ;ご;さ;ざ;し;じ;す;ず;せ;ぜ;そ;ぞ;瞋;;;;;;;;;;;;;;;;;;;;
;;;;;;;ば;ち;ぢ;っ;つ;づ;て;で;と;ど;な;に;ぬ;ね;の;瞣;;;;;;;;;;;;;;;;;;;;
;;;;;;;む;ぱ;ひ;び;ぴ;ふ;ぶ;ぷ;へ;べ;ぺ;ほ;ぼ;ぽ;ま;矎;;;;;;;;;;;;;;;;;;;;
;;;;;;;ゐ;め;も;ゃ;や;ゅ;ゆ;ょ;よ;ら;り;る;れ;ろ;ゎ;矡;;;;;;;;;;;;;;;;;;;;
;;;;;;;;ゑ;を;ん;イ;ゥ;ウ;ェ;エ;ォ;オ;カ;ガ;キ;ギ;帛;;;;;;;;;;;;;;;;;;;;
;;;;;;;グ;ァ;ア;ィ;ゴ;サ;ザ;シ;ジ;ス;ズ;セ;ゼ;ソ;ゾ;部;;;;;;;;;;;;;;;;;;;;
;;;;;;;ダ;ケ;ゲ;コ;ツ;ヅ;テ;デ;ト;ド;ナ;ニ;ヌ;ネ;ノ;蚕;;;;;;;;;;;;;;;;;;;;
;;;;;;;バ;チ;ヂ;ッ;ピ;フ;ブ;プ;ヘ;ベ;ペ;ホ;ボ;ポ;マ;策;;;;;;;;;;;;;;;;;;;;
;;;;;;;ム;パ;ヒ;ビ;ヤ;ュ;ユ;ョ;ヨ;ラ;リ;ル;レ;ロ;ヮ;诧;;;;;;;;;;;;;;;;;;;;
;;;;;;;ヰ;メ;モ;ャ;ヴ;ヵ;ヶ;狦;狧;狪;狫;狵;狶;狹;狽;砄;;;;;;;;;;;;;;;;;;;;
;;;;;;;狜;ヱ;ヲ;ン;狣;狤;狥;猈;猉;猋;猌;猍;猏;猐;猑;砡;;;;;;;;;;;;;;;;;;;;
;;;;;;;狿;狝;狟;狢;猅;猆;猇;猤;猦;猧;猨;猭;猯;猰;猲;硂;;;;;;;、;。;·;ˉ;ˇ;¨;〃;々;—;～;‖;…;‘;’
;;;;;;;猔;猀;猂;猄;猟;猠;猣;獁;獂;獃;獄;獅;獆;獇;獈;硰;;;;;“;”;〔;〕;〈;〉;《;》;「;」;『;』;〖;〗;【;】
;;;;;;;猵;猘;猙;猚;猼;猽;獀;獓;獔;獕;獖;獘;獙;獚;獛;碂;;;;;±;×;÷;∶;∧;∨;∑;∏;∪;∩;∈;∷;√;⊥;∥;∠
;;;;;;;獉;猶;猺;猻;獎;獏;獑;獥;獦;獧;獨;獩;獪;獫;獮;朝;;;;;⌒;⊙;∫;∮;≡;≌;≈;∽;∝;≠;≮;≯;≤;≥;∞;∵
;;;;;;;獝;獊;獋;獌;獢;獣;獤;獹;獺;獻;獼;獽;獿;玀;玁;晨;;;;;∴;♂;♀;°;′;″;℃;＄;¤;￠;￡;‰;§;№;☆;★
;;;;;;;獲;獞;獟;獡;獶;獷;獸;玏;玐;玒;玓;玔;玕;玗;玘;诚;;;;;○;●;◎;◇;◆;□;■;△;▲;※;→;←;↑;↓;〓;
;;;;;;;玃;獳;獴;獵;玊;玌;玍;玤;玥;玦;玧;玨;玪;玬;玭;尺;;;;;;;;;;;;;;;;;;;;
;;;;;;;玚;玅;玆;玈;玠;玡;玣;玾;玿;珁;珃;珄;珅;珆;珇;筹;;;;;;;;;;;;;;;;;;;;
;;;;;;;玴;玜;玝;玞;玹;玼;玽;珖;珗;珘;珚;珛;珜;珝;珟;碠;;;;;;;;;;;;;;;;;;;;
;;;;;;;珋;玵;玶;玸;珓;珔;珕;珬;珮;珯;珰;珱;珳;珴;珵;確;;;;;;;;;;;;;;;;;;;;
;;;;;;;珢;珌;珎;珒;珨;珪;珫;珿;琀;琁;琂;琄;琇;琈;琋;磑;;;;;;;;;;;;;;;;;;;;
;;;;;;;珸;珣;珤;珦;珼;珽;現;琖;琗;琘;琙;琜;琝;琞;琟;磸;;;;;;;;;;;;;;;;;;;;
;;;;;;;琍;珹;珺;珻;琓;琔;琕;琯;琱;琲;琷;琸;琹;琺;琻;礋;;;;;;ⅰ;ⅱ;ⅲ;ⅳ;ⅴ;ⅵ;ⅶ;ⅷ;ⅸ;ⅹ;;;;;
;;;;;;;琡;琎;琑;琒;琩;琫;琭;瑆;瑇;瑈;瑉;瑊;瑋;瑌;瑍;疮;;;;;;⒈;⒉;⒊;⒋;⒌;⒍;⒎;⒏;⒐;⒑;⒒;⒓;⒔;⒕;⒖
;;;;;;;琾;琣;琤;琧;瑃;瑄;瑅;瑖;瑘;瑝;瑠;瑡;瑢;瑣;瑤;纯;;;;;⒗;⒘;⒙;⒚;⒛;⑴;⑵;⑶;⑷;⑸;⑹;⑺;⑻;⑼;⑽;⑾
;;;;;;;瑎;琿;瑀;瑂;瑒;瑓;瑔;瑮;瑯;瑱;瑲;瑳;瑴;瑵;瑸;聪;;;;;⑿;⒀;⒁;⒂;⒃;⒄;⒅;⒆;⒇;①;②;③;④;⑤;⑥;⑦
;;;;;;;瑦;瑏;瑐;瑑;瑪;瑫;瑬;璆;璈;璉;璊;璌;璍;璏;璑;催;;;;;⑧;⑨;⑩;;;㈠;㈡;㈢;㈣;㈤;㈥;㈦;㈧;㈨;㈩;
;;;;;;;瑻;瑧;瑨;瑩;璂;璄;璅;璚;璛;璝;璟;璠;璡;璢;璣;达;;;;;;Ⅰ;Ⅱ;Ⅲ;Ⅳ;Ⅴ;Ⅵ;Ⅶ;Ⅷ;Ⅸ;Ⅹ;Ⅺ;Ⅻ;;;
;;;;;;;璓;瑼;瑽;瑿;璗;璘;璙;璯;環;璱;璲;璳;璴;璵;璶;礝;;;;;;！;＂;＃;￥;％;＆;＇;（;）;＊;＋;，;－;．;／
;;;;;;;璥;璔;璕;璖;璬;璭;璮;瓀;瓁;瓂;瓃;瓄;瓅;瓆;瓇;礯;;;;;０;１;２;３;４;５;６;７;８;９;：;；;＜;＝;＞;？
;;;;;;;璸;璦;璪;璫;璽;璾;璿;瓏;瓐;瓑;瓓;瓔;瓕;瓖;瓗;祇;;;;;＠;Ａ;Ｂ;Ｃ;Ｄ;Ｅ;Ｆ;Ｇ;Ｈ;Ｉ;Ｊ;Ｋ;Ｌ;Ｍ;Ｎ;Ｏ
;;;;;;;瓈;璹;璻;璼;瓌;瓍;瓎;瓧;瓨;瓩;瓪;瓫;瓬;瓭;瓰;祻;;;;;Ｐ;Ｑ;Ｒ;Ｓ;Ｔ;Ｕ;Ｖ;Ｗ;Ｘ;Ｙ;Ｚ;［;＼;］;＾;＿
;;;;;;;瓙;瓉;瓊;瓋;瓟;瓡;瓥;瓽;瓾;甀;甁;甂;甃;甅;甆;禑;;;;;｀;ａ;ｂ;ｃ;ｄ;ｅ;ｆ;ｇ;ｈ;ｉ;ｊ;ｋ;ｌ;ｍ;ｎ;ｏ
;;;;;;;瓳;瓚;瓛;瓝;瓺;瓻;瓼;甒;甔;甕;甖;甗;甛;甝;甞;弹;;;;;ｐ;ｑ;ｒ;ｓ;ｔ;ｕ;ｖ;ｗ;ｘ;ｙ;ｚ;｛;｜;｝;￣;
;;;;;;;甈;瓵;瓸;瓹;甌;甎;甐;甮;甴;甶;甹;甼;甽;甿;畁;悼;;;;;;Α;Β;Γ;Δ;Ε;Ζ;Η;Θ;Ι;Κ;Λ;Μ;Ν;Ξ;Ο
;;;;;;;甡;甉;甊;甋;甦;甧;甪;畐;畑;畒;畓;畕;畖;畗;畘;迪;;;;;Π;Ρ;Σ;Τ;Υ;Φ;Χ;Ψ;Ω;;;;;;;
;;;;;;;畃;產;産;甤;畉;畊;畍;畤;畧;畨;畩;畫;畬;畭;畮;颠;;;;;;α;β;γ;δ;ε;ζ;η;θ;ι;κ;λ;μ;ν;ξ;ο
;;;;;;;畝;畄;畆;畇;畡;畢;畣;畻;畼;畽;畾;疀;疁;疂;疄;碉;;;;;π;ρ;σ;τ;υ;φ;χ;ψ;ω;;;;;;;
;;;;;;;異;畞;畟;畠;當;畷;畺;疓;疕;疘;疛;疜;疞;疢;疦;禣;;;;;︵;︶;︹;︺;︿;﹀;︽;︾;﹁;﹂;﹃;﹄;;;︻;︼
;;;;;;;疇;畱;畳;畵;疍;疎;疐;疻;疿;痀;痁;痆;痋;痌;痎;禵;;;;;︷;︸;︱;;︳;︴;;;;;;;;;;
;;;;;;;疈;疉;疊;疌;疶;疷;疺;痝;痟;痠;痡;痥;痩;痬;痭;秓;;;;;;А;Б;В;Г;Д;Е;Ё;Ж;З;И;Й;К;Л;М;Н
;;;;;;;疨;疩;疪;疭;痙;痚;痜;痺;痻;痽;痾;瘂;瘄;瘆;瘇;稄;;;;;О;П;Р;С;Т;У;Ф;Х;Ц;Ч;Ш;Щ;Ъ;Ы;Ь;Э
;;;;;;;痐;痑;痓;痗;痶;痷;痸;瘒;瘓;瘔;瘖;瘚;瘜;瘝;瘞;稛;;;;;Ю;Я;;;;;;;;;;;;;;
;;;;;;;痯;痲;痳;痵;瘎;瘏;瘑;瘲;瘶;瘷;瘹;瘺;瘻;瘽;癁;动;;;;;;а;б;в;г;д;е;ё;ж;з;и;й;к;л;м;н
;;;;;;;瘈;瘉;瘋;瘍;瘮;瘯;瘱;癎;癏;癐;癑;癒;癓;癕;癗;犊;;;;;о;п;р;с;т;у;ф;х;ц;ч;ш;щ;ъ;ы;ь;э
;;;;;;;瘣;瘧;瘨;瘬;癉;癊;癋;癢;癤;癥;癦;癧;癨;癩;癪;断;;;;;ю;я;;;;;;;;;;;;;;
;;;;;;;癄;癆;癇;癈;癟;癠;癡;癵;癶;癷;癹;発;發;癿;皀;哆;;;;;ˊ;ˋ;˙;–;―;‥;‵;℅;℉;↖;↗;↘;↙;∕;∟;∣
;;;;;;;癅;癚;癛;癝;癲;癳;癴;皐;皒;皔;皕;皗;皘;皚;皛;讹;;;;;≒;≦;≧;⊿;═;║;╒;╓;╔;╕;╖;╗;╘;╙;╚;╛
;;;;;;;癙;癮;癰;癱;皌;皍;皏;皣;皥;皦;皧;皨;皩;皪;皫;稯;;;;;╜;╝;╞;╟;╠;╡;╢;╣;╤;╥;╦;╧;╨;╩;╪;╫
;;;;;;;癭;皅;皉;皊;皠;皡;皢;皸;皹;皺;皻;皼;皽;皾;盀;穇;;;;;╬;╭;╮;╯;╰;╱;╲;╳;▁;▂;▃;▄;▅;▆;▇;
;;;;;;;皃;皝;皞;皟;皵;皶;皷;哀;皑;癌;蔼;矮;艾;碍;爱;穙;;;;;█;▉;▊;▋;▌;▍;▎;▏;▓;▔;▕;▼;▽;◢;◣;◤
;;;;;;;皜;皯;皰;皳;挨;哎;唉;胺;案;肮;昂;盎;凹;敖;熬;窂;;;;;◥;☉;⊕;〒;〝;〞;;;;;;;;;;
;;;;;;;皭;啊;阿;埃;按;暗;岸;扒;叭;吧;笆;八;疤;巴;拔;窡;;;;;;ā;á;ǎ;à;ē;é;ě;è;ī;í;ǐ;ì;ō;ó;ǒ
;;;;;;;盃;氨;安;俺;澳;芭;捌;白;柏;百;摆;佰;败;拜;稗;矾;;;;;ò;ū;ú;ǔ;ù;ǖ;ǘ;ǚ;ǜ;ü;ê;ɑ;;ń;ň;
;;;;;;;鞍;傲;奥;懊;霸;罢;爸;扮;拌;伴;瓣;半;办;绊;邦;房;;;;;ɡ;;;;;ㄅ;ㄆ;ㄇ;ㄈ;ㄉ;ㄊ;ㄋ;ㄌ;ㄍ;ㄎ;ㄏ
;;;;;;;袄;把;耙;坝;颁;板;版;镑;傍;谤;苞;胞;包;褒;剥;废;;;;;ㄐ;ㄑ;ㄒ;ㄓ;ㄔ;ㄕ;ㄖ;ㄗ;ㄘ;ㄙ;ㄚ;ㄛ;ㄜ;ㄝ;ㄞ;ㄟ
;;;;;;;靶;搬;扳;般;棒;磅;蚌;盙;盚;盜;盝;盞;盠;盡;盢;愤;;;;;ㄠ;ㄡ;ㄢ;ㄣ;ㄤ;ㄥ;ㄦ;ㄧ;ㄨ;ㄩ;;;;;;
;;;;;;;班;榜;膀;绑;盌;盓;盕;盬;盭;盰;盳;盵;盶;盷;盺;凤;;;;;;;;;;;;;;;;;;;;
;;;;;;;梆;盇;盉;盋;盩;盪;盫;眊;県;眎;眏;眐;眑;眒;眓;;;;;;〡;〢;〣;〤;〥;〦;〧;〨;〩;㊣;㎎;㎏;㎜;㎝;㎞;㎡
;;;;;;;盄;盦;盧;盨;眃;眅;眆;眞;眡;眣;眤;眥;眧;眪;眫;窸;;;;;㏄;㏎;㏑;㏒;㏕;︰;￢;￤;;℡;㈱;;‐;;;
;;;;;;;盤;盿;眀;眂;眛;眜;眝;眹;眻;眽;眾;眿;睂;睄;睅;竉;;;;;ー;゛;゜;ヽ;ヾ;〆;ゝ;ゞ;﹉;﹊;﹋;﹌;﹍;﹎;﹏;﹐
;;;;;;;盽;眖;眗;眘;眲;眳;眴;睏;睒;睓;睔;睕;睖;睗;睘;竜;;;;;﹑;﹒;﹔;﹕;﹖;﹗;﹙;﹚;﹛;﹜;﹝;﹞;﹟;﹠;﹡;
;;;;;;;眕;眮;眰;眱;睌;睍;睎;抱;报;暴;豹;鲍;爆;杯;碑;笍;;;;;﹢;﹣;﹤;﹥;﹦;﹨;﹩;﹪;﹫;;;;;;;
;;;;;;;眬;睉;睊;睋;堡;饱;宝;狈;备;惫;焙;被;奔;苯;本;笩;;;;;;;;;;;〇;;;;;;;;;
;;;;;;;睈;薄;雹;保;贝;钡;倍;鼻;比;鄙;笔;彼;碧;蓖;蔽;腐;;;;;;;;;─;━;│;┃;┄;┅;┆;┇;┈;┉;┊;┋
;;;;;;;睜;北;辈;背;蹦;迸;逼;弊;必;辟;壁;臂;避;陛;鞭;缚;;;;;┌;┍;┎;┏;┐;┑;┒;┓;└;┕;┖;┗;┘;┙;┚;┛
;;;;;;;卑;绷;甭;泵;痹;闭;敝;辩;辫;遍;标;彪;膘;表;鳖;赶;;;;;├;┝;┞;┟;┠;┡;┢;┣;┤;┥;┦;┧;┨;┩;┪;┫
;;;;;;;崩;毖;币;庇;变;卞;辨;摈;兵;冰;柄;丙;秉;饼;炳;高;;;;;┬;┭;┮;┯;┰;┱;┲;┳;┴;┵;┶;┷;┸;┹;┺;┻
;;;;;;;毙;贬;扁;便;濒;滨;宾;睪;睭;睮;睯;睰;睱;睲;睳;革;;;;;┼;┽;┾;┿;╀;╁;╂;╃;╄;╅;╆;╇;╈;╉;╊;╋
;;;;;;;编;瘪;彬;斌;睤;睧;睩;瞁;瞂;瞃;瞆;瞇;瞈;瞉;瞊;筄;;;;;;;;;;;;;;;;;;;;
;;;;;;;别;睞;睟;睠;睺;睻;睼;瞘;瞙;瞚;瞛;瞜;瞝;瞞;瞡;筥;;;;;;;;;;;;;;;;;;;;
;;;;;;;睝;睶;睷;睸;瞕;瞖;瞗;瞱;瞲;瞴;瞶;瞷;瞸;瞹;瞺;筼;;;;;;;;;;;;;;;;;;;;
;;;;;;;睵;瞐;瞓;瞔;瞭;瞮;瞯;矅;矆;矇;矈;矉;矊;矋;矌;箯;;;;;;;;;;;;;;;;;;;;
;;;;;;;瞏;瞦;瞨;瞫;矂;矃;矄;矖;矘;矙;矚;矝;矞;矟;矠;篃;;;;;;;;;;;;;;;;;;;;
;;;;;;;瞤;瞾;矀;矁;矓;矔;矕;钵;波;博;勃;搏;铂;箔;伯;汞;;;;;;;;;;;;;;;;;;;;
;;;;;;;瞼;矐;矑;矒;菠;播;拨;卜;哺;补;埠;不;布;步;簿;箍;;;;;;;;;;;;;;;;;;;;
;;;;;;;矏;病;并;玻;泊;驳;捕;睬;踩;采;彩;菜;蔡;餐;参;瓜;;;;;;;;;;;;;;;;;;;;
;;;;;;;矤;脖;膊;渤;材;才;财;沧;藏;操;糙;槽;曹;草;厕;惯;;;;;;;;;;;;;;;;;;;;
;;;;;;;舶;擦;猜;裁;苍;舱;仓;茬;茶;查;碴;搽;察;岔;差;癸;;;;;;;;;;;;;;;;;;;;
;;;;;;;怖;惭;惨;灿;蹭;插;叉;谗;缠;铲;产;阐;颤;昌;猖;篛;;;;;;;;;;;;;;;;;;;;
;;;;;;;残;册;测;层;掺;蝉;馋;矴;矵;矷;矹;矺;矻;矼;砃;篲;;;;;;;;;;;;;;;;;;;;
;;;;;;;侧;柴;豺;搀;矰;矱;矲;砏;砐;砓;砕;砙;砛;砞;砠;簅;;;;;;;;;;;;;;;;;;;;
;;;;;;;拆;矨;矪;矯;砊;砋;砎;砱;砲;砳;砵;砶;砽;砿;硁;簭;;;;;;;;;;;;;;;;;;;;
;;;;;;;矦;砆;砇;砈;砫;砮;砯;硍;硏;硑;硓;硔;硘;硙;硚;簾;;;;;;;;;;;;;;;;;;;;
;;;;;;;砅;砤;砨;砪;硉;硊;硋;硣;硤;硥;硦;硧;硨;硩;硯;函;;;;;;;;;;;;;;;;;;;;
;;;;;;;砢;硄;硆;硈;硠;硡;硢;硹;硺;硻;硽;硾;硿;碀;碁;嚎;;;;;;;;;;;;;;;;;;;;
;;;;;;;硃;硜;硞;硟;硵;硶;硸;厂;敞;畅;唱;倡;超;抄;钞;合;;;;;;;;;;;;;;;;;;;;
;;;;;;;硛;硲;硳;硴;长;偿;肠;撤;掣;彻;澈;郴;臣;辰;尘;哼;;;;;;;;;;;;;;;;;;;;
;;;;;;;硱;场;尝;常;炒;车;扯;城;橙;成;呈;乘;程;惩;澄;猴;;;;;;;;;;;;;;;;;;;;
;;;;;;;碃;潮;巢;吵;衬;撑;称;匙;池;迟;弛;驰;耻;齿;侈;籓;;;;;;;;;;;;;;;;;;;;
;;;;;;;嘲;沉;陈;趁;吃;痴;持;崇;宠;抽;酬;畴;踌;稠;愁;籣;;;;;;;;;;;;;;;;;;;;
;;;;;;;忱;逞;骋;秤;充;冲;虫;橱;厨;躇;锄;雏;滁;除;楚;籵;;;;;;;;;;;;;;;;;;;;
;;;;;;;承;翅;斥;炽;臭;初;出;碐;碒;碔;碕;碖;碙;碝;碞;粡;;;;;;;;;;;;;;;;;;;;
;;;;;;;赤;绸;瞅;丑;碊;碋;碏;碬;碭;碮;碯;碵;碶;碷;碸;粺;;;;;;;;;;;;;;;;;;;;
;;;;;;;仇;碅;碆;碈;碩;碪;碫;磄;磆;磇;磈;磌;磍;磎;磏;化;;;;;;;;;;;;;;;;;;;;
;;;;;;;碄;碤;碦;碨;磀;磂;磃;磜;磝;磞;磟;磠;磡;磢;磣;豢;;;;;;;;;;;;;;;;;;;;
;;;;;;;碢;碼;碽;碿;磘;磚;磛;磭;磮;磯;磰;磱;磳;磵;磶;幌;;;;;;;;;;;;;;;;;;;;
;;;;;;;碻;磓;磖;磗;磩;磪;磫;礂;礃;礄;礆;礇;礈;礉;礊;贿;;;;;;;;;;;;;;;;;;;;
;;;;;;;磒;磥;磦;磧;磾;磿;礀;揣;川;穿;椽;传;船;喘;串;伙;;;;;;;;;;;;;;;;;;;;
;;;;;;;磤;磻;磼;磽;搐;触;处;捶;锤;垂;春;椿;醇;唇;淳;糘;;;;;;;;;;;;;;;;;;;;
;;;;;;;磹;础;储;矗;创;吹;炊;辞;慈;瓷;词;此;刺;赐;次;糭;;;;;;;;;;;;;;;;;;;;
;;;;;;;礌;幢;床;闯;茨;磁;雌;醋;簇;促;蹿;篡;窜;摧;崔;紀;;;;;;;;;;;;;;;;;;;;
;;;;;;;窗;戳;绰;疵;丛;凑;粗;寸;磋;撮;搓;措;挫;错;搭;紡;;;;;;;;;;;;;;;;;;;;
;;;;;;;蠢;囱;匆;从;翠;村;存;戴;带;殆;代;贷;袋;待;逮;紵;;;;;;;;;;;;;;;;;;;;
;;;;;;;葱;瘁;粹;淬;呆;歹;傣;礕;礖;礗;礘;礙;礚;礛;礜;集;;;;;;;;;;;;;;;;;;;;
;;;;;;;脆;瘩;打;大;礑;礒;礔;礧;礨;礩;礪;礫;礬;礭;礮;伎;;;;;;;;;;;;;;;;;;;;
;;;;;;;答;礎;礏;礐;礣;礥;礦;礸;礹;礽;礿;祂;祃;祄;祅;枷;;;;;;;;;;;;;;;;;;;;
;;;;;;;礍;礠;礡;礢;礵;礶;礷;祑;祒;祔;祕;祘;祙;祡;祣;歼;;;;;;;;;;;;;;;;;;;;
;;;;;;;礟;礱;礲;礳;祎;祏;祐;祰;祱;祲;祳;祴;祵;祶;祹;硷;;;;;;;;;;;;;;;;;;;;
;;;;;;;礰;祋;祌;祍;祫;祬;祮;禇;禈;禉;禋;禌;禍;禎;禐;絆;;;;;;;;;;;;;;;;;;;;
;;;;;;;祊;祦;祩;祪;禂;禃;禆;掸;胆;旦;氮;但;惮;淡;诞;絖;;;;;;;;;;;;;;;;;;;;
;;;;;;;祤;祽;祾;祿;丹;单;郸;捣;蹈;倒;岛;祷;导;到;稻;給;;;;;;;;;;;;;;;;;;;;
;;;;;;;祼;怠;耽;担;荡;档;刀;登;等;瞪;凳;邓;堤;低;滴;綇;;;;;;;;;;;;;;;;;;;;
;;;;;;;禒;当;挡;党;的;蹬;灯;底;地;蒂;第;帝;弟;递;缔;綗;;;;;;;;;;;;;;;;;;;;
;;;;;;;蛋;盗;德;得;翟;嫡;抵;电;佃;甸;店;惦;奠;淀;殿;蒋;;;;;;;;;;;;;;;;;;;;
;;;;;;;道;笛;狄;涤;典;靛;垫;调;跌;爹;碟;蝶;迭;谍;叠;娇;;;;;;;;;;;;;;;;;;;;
;;;;;;;敌;滇;碘;点;掉;吊;钓;禛;禜;禝;禞;禟;禠;禡;禢;较;;;;;;;;;;;;;;;;;;;;
;;;;;;;掂;雕;凋;刁;禗;禘;禙;禬;禭;禮;禯;禰;禱;禲;禴;竭;;;;;;;;;;;;;;;;;;;;
;;;;;;;叼;禔;禕;禖;禩;禪;禫;秅;秇;秈;秊;秌;秎;秏;秐;斤;;;;;;;;;;;;;;;;;;;;
;;;;;;;禓;禥;禦;禨;禿;秂;秄;秝;秞;秠;秡;秢;秥;秨;秪;綩;;;;;;;;;;;;;;;;;;;;
;;;;;;;禤;禷;禸;禼;秚;秛;秜;秶;秷;秹;秺;秼;秾;秿;稁;綺;;;;;;;;;;;;;;;;;;;;
;;;;;;;禶;秖;秗;秙;秳;秴;秵;稐;稑;稒;稓;稕;稖;稘;稙;緊;;;;;;;;;;;;;;;;;;;;
;;;;;;;秔;秮;秱;秲;稊;稌;稏;锭;定;订;丢;东;冬;董;懂;緩;;;;;;;;;;;;;;;;;;;;
;;;;;;;秬;稇;稈;稉;钉;顶;鼎;斗;陡;豆;逗;痘;都;督;毒;緹;;;;;;;;;;;;;;;;;;;;
;;;;;;;稅;丁;盯;叮;洞;兜;抖;肚;度;渡;妒;端;短;锻;段;警;;;;;;;;;;;;;;;;;;;;
;;;;;;;稜;侗;恫;冻;赌;杜;镀;蹲;敦;顿;囤;钝;盾;遁;掇;究;;;;;;;;;;;;;;;;;;;;
;;;;;;;栋;读;堵;睹;对;墩;吨;剁;惰;堕;蛾;峨;鹅;俄;额;鞠;;;;;;;;;;;;;;;;;;;;
;;;;;;;独;堆;兑;队;朵;跺;舵;恩;而;儿;耳;尔;饵;洱;二;具;;;;;;;;;;;;;;;;;;;;
;;;;;;;缎;夺;垛;躲;遏;鄂;饿;稧;稨;稩;稪;稫;稬;稭;種;撅;;;;;;;;;;;;;;;;;;;;
;;;;;;;多;恶;厄;扼;稤;稥;稦;稺;稾;穀;穁;穂;穃;穄;穅;縊;;;;;;;;;;;;;;;;;;;;
;;;;;;;娥;稟;稡;稢;稵;稶;稸;穏;穐;穒;穓;穔;穕;穖;穘;縚;;;;;;;;;;;;;;;;;;;;
;;;;;;;稝;稱;稲;稴;穌;積;穎;穡;穢;穣;穤;穥;穦;穧;穨;縪;;;;;;;;;;;;;;;;;;;;
;;;;;;;稰;穉;穊;穋;穞;穟;穠;穱;穲;穳;穵;穻;穼;穽;穾;繌;;;;;;;;;;;;;;;;;;;;
;;;;;;;穈;穛;穜;穝;穭;穮;穯;窏;窐;窓;窔;窙;窚;窛;窞;繜;;;;;;;;;;;;;;;;;;;;
;;;;;;;穚;穪;穫;穬;窋;窌;窎;阀;法;珐;藩;帆;番;翻;樊;刊;;;;;;;;;;;;;;;;;;;;
;;;;;;;穩;窇;窉;窊;筏;伐;乏;贩;犯;饭;泛;坊;芳;方;肪;靠;;;;;;;;;;;;;;;;;;;;
;;;;;;;窅;贰;发;罚;反;返;范;非;啡;飞;肥;匪;诽;吠;肺;肯;;;;;;;;;;;;;;;;;;;;
;;;;;;;窢;繁;凡;烦;纺;放;菲;纷;坟;焚;汾;粉;奋;份;忿;窟;;;;;;;;;;;;;;;;;;;;
;;;;;;;钒;妨;仿;访;吩;氛;分;风;疯;烽;逢;冯;缝;讽;奉;匡;;;;;;;;;;;;;;;;;;;;
;;;;;;;防;费;芬;酚;蜂;峰;锋;拂;辐;幅;氟;符;伏;俘;服;繭;;;;;;;;;;;;;;;;;;;;
;;;;;;;沸;丰;封;枫;肤;孵;扶;窯;窰;窱;窲;窴;窵;窶;窷;繽;;;;;;;;;;;;;;;;;;;;
;;;;;;;粪;否;夫;敷;窪;窫;窮;竁;竂;竃;竄;竅;竆;竇;竈;纎;;;;;;;;;;;;;;;;;;;;
;;;;;;;佛;窤;窧;窩;窽;窾;竀;竒;竓;竔;竕;竗;竘;竚;竛;缽;;;;;;;;;;;;;;;;;;;;
;;;;;;;窣;窺;窻;窼;竏;竐;竑;竪;竫;竬;竮;竰;竱;竲;竳;罒;;;;;;;;;;;;;;;;;;;;
;;;;;;;窹;竌;竍;竎;竧;竨;竩;竾;笀;笁;笂;笅;笇;笉;笌;蜡;;;;;;;;;;;;;;;;;;;;
;;;;;;;竊;竡;竢;竤;竸;竻;竼;笚;笜;笝;笟;笡;笢;笣;笧;揽;;;;;;;;;;;;;;;;;;;;
;;;;;;;竝;竵;競;竷;笖;笗;笘;抚;辅;俯;釜;斧;脯;腑;府;老;;;;;;;;;;;;;;;;;;;;
;;;;;;;竴;笐;笒;笓;袱;弗;甫;阜;父;腹;负;富;讣;附;妇;肋;;;;;;;;;;;;;;;;;;;;
;;;;;;;笎;浮;涪;福;复;傅;付;盖;溉;干;甘;杆;柑;竿;肝;里;;;;;;;;;;;;;;;;;;;;
;;;;;;;笭;副;覆;赋;改;概;钙;缸;肛;纲;岗;港;杠;篙;皋;罯;;;;;;;;;;;;;;;;;;;;
;;;;;;;赴;噶;嘎;该;冈;刚;钢;哥;歌;搁;戈;鸽;胳;疙;割;羅;;;;;;;;;;;;;;;;;;;;
;;;;;;;咐;秆;敢;赣;镐;稿;告;各;给;根;跟;耕;更;庚;羹;羙;;;;;;;;;;;;;;;;;;;;
;;;;;;;感;羔;糕;搞;隔;铬;个;笹;笻;笽;笿;筀;筁;筂;筃;翉;;;;;;;;;;;;;;;;;;;;
;;;;;;;膏;格;蛤;阁;笵;笶;笷;筗;筙;筜;筞;筟;筡;筣;筤;翢;;;;;;;;;;;;;;;;;;;;
;;;;;;;葛;笰;笲;笴;筎;筓;筕;筭;筯;筰;筳;筴;筶;筸;筺;怜;;;;;;;;;;;;;;;;;;;;
;;;;;;;笯;筈;筊;筍;筪;筫;筬;箇;箈;箉;箊;箋;箌;箎;箏;量;;;;;;;;;;;;;;;;;;;;
;;;;;;;筆;筧;筨;筩;箃;箄;箆;箛;箞;箟;箠;箣;箤;箥;箮;料;;;;;;;;;;;;;;;;;;;;
;;;;;;;筦;筿;箁;箂;箘;箙;箚;箺;箻;箼;箽;箾;箿;節;篂;吝;;;;;;;;;;;;;;;;;;;;
;;;;;;;筽;箒;箓;箖;箶;箷;箹;恭;龚;供;躬;公;宫;弓;巩;溜;;;;;;;;;;;;;;;;;;;;
;;;;;;;箑;箲;箳;箵;工;攻;功;狗;垢;构;购;够;辜;菇;咕;翺;;;;;;;;;;;;;;;;;;;;
;;;;;;;箰;埂;耿;梗;勾;沟;苟;骨;谷;股;故;顾;固;雇;刮;耞;;;;;;;;;;;;;;;;;;;;
;;;;;;;範;贡;共;钩;鼓;古;蛊;棺;关;官;冠;观;管;馆;罐;耾;;;;;;;;;;;;;;;;;;;;
;;;;;;;拱;沽;孤;姑;乖;拐;怪;圭;硅;归;龟;闺;轨;鬼;诡;聫;;;;;;;;;;;;;;;;;;;;
;;;;;;;估;寡;挂;褂;逛;瑰;规;棍;锅;郭;国;果;裹;过;哈;聼;;;;;;;;;;;;;;;;;;;;
;;;;;;;剐;贯;光;广;刽;辊;滚;篏;篐;篒;篔;篕;篖;篗;篘;炉;;;;;;;;;;;;;;;;;;;;
;;;;;;;灌;柜;跪;贵;篋;篍;篎;篧;篨;篩;篫;篬;篭;篯;篰;驴;;;;;;;;;;;;;;;;;;;;
;;;;;;;桂;篈;築;篊;篢;篣;篤;篻;篽;篿;簀;簁;簂;簃;簄;孪;;;;;;;;;;;;;;;;;;;;
;;;;;;;篅;篞;篟;篠;篸;篹;篺;簑;簒;簓;簔;簕;簗;簘;簙;逻;;;;;;;;;;;;;;;;;;;;
;;;;;;;篜;篴;篵;篶;簍;簎;簐;簢;簣;簤;簥;簨;簩;簫;簬;嘛;;;;;;;;;;;;;;;;;;;;
;;;;;;;篳;簈;簉;簊;簞;簠;簡;簵;簶;簷;簹;簺;簻;簼;簽;肙;;;;;;;;;;;;;;;;;;;;
;;;;;;;簆;簛;簜;簝;簲;簳;簴;骇;酣;憨;邯;韩;含;涵;寒;胈;;;;;;;;;;;;;;;;;;;;
;;;;;;;簚;簯;簰;簱;氦;亥;害;悍;焊;汗;汉;夯;杭;航;壕;胦;;;;;;;;;;;;;;;;;;;;
;;;;;;;簮;骸;孩;海;捍;旱;憾;呵;喝;荷;菏;核;禾;和;何;脧;;;;;;;;;;;;;;;;;;;;
;;;;;;;籂;罕;翰;撼;耗;号;浩;鹤;贺;嘿;黑;痕;很;狠;恨;脽;;;;;;;;;;;;;;;;;;;;
;;;;;;;喊;毫;郝;好;涸;赫;褐;虹;鸿;洪;宏;弘;红;喉;侯;茂;;;;;;;;;;;;;;;;;;;;
;;;;;;;豪;貉;阂;河;轰;哄;烘;瑚;壶;葫;胡;蝴;狐;糊;湖;每;;;;;;;;;;;;;;;;;;;;
;;;;;;;盒;横;衡;恒;呼;乎;忽;籊;籋;籌;籎;籏;籐;籑;籒;孟;;;;;;;;;;;;;;;;;;;;
;;;;;;;亨;厚;候;后;籇;籈;籉;籛;籜;籝;籞;籟;籠;籡;籢;眠;;;;;;;;;;;;;;;;;;;;
;;;;;;;吼;籄;籅;籆;籘;籙;籚;籫;籬;籭;籮;籯;籰;籱;籲;蔑;;;;;;;;;;;;;;;;;;;;
;;;;;;;籃;籕;籖;籗;籨;籩;籪;粀;粁;粂;粃;粄;粅;粆;粇;腛;;;;;;;;;;;;;;;;;;;;
;;;;;;;籔;籥;籦;籧;籺;籾;籿;粐;粓;粔;粖;粙;粚;粛;粠;腳;;;;;;;;;;;;;;;;;;;;
;;;;;;;籤;籷;籸;籹;粍;粎;粏;粭;粯;粰;粴;粵;粶;粷;粸;膐;;;;;;;;;;;;;;;;;;;;
;;;;;;;籶;粊;粋;粌;粩;粫;粬;户;花;哗;华;猾;滑;画;划;膹;;;;;;;;;;;;;;;;;;;;
;;;;;;;粈;粦;粧;粨;护;互;沪;环;桓;还;缓;换;患;唤;痪;臒;;;;;;;;;;;;;;;;;;;;
;;;;;;;粣;弧;虎;唬;淮;坏;欢;磺;蝗;簧;皇;凰;惶;煌;晃;寞;;;;;;;;;;;;;;;;;;;;
;;;;;;;粻;槐;徊;怀;荒;慌;黄;蛔;回;毁;悔;慧;卉;惠;晦;目;;;;;;;;;;;;;;;;;;;;
;;;;;;;话;涣;宦;幻;辉;徽;恢;荤;昏;婚;魂;浑;混;豁;活;南;;;;;;;;;;;;;;;;;;;;
;;;;;;;焕;谎;灰;挥;讳;诲;绘;击;圾;基;机;畸;稽;积;箕;倪;;;;;;;;;;;;;;;;;;;;
;;;;;;;恍;会;烩;汇;霍;货;祸;糋;糎;糏;糐;糑;糒;糓;糔;娘;;;;;;;;;;;;;;;;;;;;
;;;;;;;秽;获;或;惑;糄;糆;糉;糤;糥;糦;糧;糩;糪;糫;糬;臤;;;;;;;;;;;;;;;;;;;;
;;;;;;;火;糀;糂;糃;糡;糢;糣;糶;糷;糹;糺;糼;糽;糾;糿;臺;;;;;;;;;;;;;;;;;;;;
;;;;;;;粿;糛;糝;糞;糳;糴;糵;紈;紉;紋;紌;納;紎;紏;紐;舘;;;;;;;;;;;;;;;;;;;;
;;;;;;;糚;糰;糱;糲;紅;紆;紇;紘;紙;級;紛;紜;紝;紞;紟;艔;;;;;;;;;;;;;;;;;;;;
;;;;;;;糮;紂;紃;約;紕;紖;紗;紬;紭;紮;細;紱;紲;紳;紴;艧;;;;;;;;;;;;;;;;;;;;
;;;;;;;紁;紒;紓;純;紨;紩;紪;姬;绩;缉;吉;极;棘;辑;籍;暖;;;;;;;;;;;;;;;;;;;;
;;;;;;;紑;紤;紥;紦;激;讥;鸡;挤;几;脊;己;蓟;技;冀;季;趴;;;;;;;;;;;;;;;;;;;;
;;;;;;;紣;肌;饥;迹;即;嫉;级;记;既;忌;际;妓;继;纪;嘉;畔;;;;;;;;;;;;;;;;;;;;
;;;;;;;紶;急;疾;汲;寄;寂;计;甲;钾;假;稼;价;架;驾;嫁;胚;;;;;;;;;;;;;;;;;;;;
;;;;;;;及;剂;悸;济;荚;颊;贾;肩;艰;奸;缄;茧;检;柬;碱;棚;;;;;;;;;;;;;;;;;;;;
;;;;;;;祭;佳;家;加;间;煎;兼;槛;鉴;践;贱;见;键;箭;件;芆;;;;;;;;;;;;;;;;;;;;
;;;;;;;夹;坚;尖;笺;剪;减;荐;紾;紿;絀;絁;終;絃;組;絅;芲;;;;;;;;;;;;;;;;;;;;
;;;;;;;监;捡;简;俭;紻;紼;紽;絎;絏;結;絑;絒;絓;絔;絕;苚;;;;;;;;;;;;;;;;;;;;
;;;;;;;拣;紸;紹;紺;絋;経;絍;絞;絟;絠;絡;絢;絣;絤;絥;茝;;;;;;;;;;;;;;;;;;;;
;;;;;;;紷;絈;絉;絊;絛;絜;絝;絯;絰;統;絲;絳;絴;絵;絶;茻;;;;;;;;;;;;;;;;;;;;
;;;;;;;絇;絘;絙;絚;絫;絬;絭;絿;綀;綁;綂;綃;綄;綅;綆;漂;;;;;;;;;;;;;;;;;;;;
;;;;;;;絗;絨;絩;絪;絼;絽;絾;綏;綐;綑;綒;經;綔;綕;綖;瓶;;;;;;;;;;;;;;;;;;;;
;;;;;;;絧;絹;絺;絻;綌;綍;綎;涧;建;僵;姜;将;浆;江;疆;葡;;;;;;;;;;;;;;;;;;;;
;;;;;;;絸;綉;綊;綋;饯;渐;溅;椒;礁;焦;胶;交;郊;浇;骄;七;;;;;;;;;;;;;;;;;;;;
;;;;;;;綈;健;舰;剑;酱;降;蕉;角;饺;缴;绞;剿;教;酵;轿;骑;;;;;;;;;;;;;;;;;;;;
;;;;;;;綘;奖;讲;匠;侥;脚;狡;阶;截;劫;节;桔;杰;捷;睫;荗;;;;;;;;;;;;;;;;;;;;
;;;;;;;桨;搅;铰;矫;皆;秸;街;界;借;介;疥;诫;届;巾;筋;莀;;;;;;;;;;;;;;;;;;;;
;;;;;;;嚼;窖;揭;接;戒;藉;芥;谨;进;靳;晋;禁;近;烬;浸;莖;;;;;;;;;;;;;;;;;;;;
;;;;;;;叫;结;解;姐;紧;锦;仅;綠;綡;綢;綣;綤;綥;綧;綨;菑;;;;;;;;;;;;;;;;;;;;
;;;;;;;洁;今;津;襟;綝;綞;綟;網;綳;綴;綵;綶;綷;綸;綹;菬;;;;;;;;;;;;;;;;;;;;
;;;;;;;金;続;綛;綜;綯;綰;綱;緂;緃;緄;緅;緆;緇;緈;緉;钳;;;;;;;;;;;;;;;;;;;;
;;;;;;;継;綫;綬;維;綿;緀;緁;緒;緓;緔;緕;緖;緗;緘;緙;强;;;;;;;;;;;;;;;;;;;;
;;;;;;;綪;綼;綽;綾;総;緐;緑;緡;緢;緣;緤;緥;緦;緧;編;窍;;;;;;;;;;;;;;;;;;;;
;;;;;;;綻;緌;緍;緎;緞;緟;締;緱;緲;緳;練;緵;緶;緷;緸;沁;;;;;;;;;;;;;;;;;;;;
;;;;;;;緋;緛;緜;緝;緮;緯;緰;晶;鲸;京;惊;精;粳;经;井;秋;;;;;;;;;;;;;;;;;;;;
;;;;;;;線;緫;緬;緭;兢;茎;睛;痉;靖;竟;竞;净;炯;窘;揪;萇;;;;;;;;;;;;;;;;;;;;
;;;;;;;緪;尽;劲;荆;敬;镜;径;厩;救;旧;臼;舅;咎;就;疚;萠;;;;;;;;;;;;;;;;;;;;
;;;;;;;緺;颈;静;境;灸;九;酒;咀;矩;举;沮;聚;拒;据;巨;萶;;;;;;;;;;;;;;;;;;;;
;;;;;;;景;玖;韭;久;驹;菊;局;剧;捐;鹃;娟;倦;眷;卷;绢;葟;;;;;;;;;;;;;;;;;;;;
;;;;;;;纠;狙;疽;居;句;惧;炬;诀;绝;均;菌;钧;军;君;峻;葻;;;;;;;;;;;;;;;;;;;;
;;;;;;;拘;踞;锯;俱;爵;觉;决;縂;縃;縄;縅;縆;縇;縈;縉;券;;;;;;;;;;;;;;;;;;;;
;;;;;;;距;抉;掘;倔;緿;縀;縁;縒;縓;縔;縕;縖;縗;縘;縙;瓤;;;;;;;;;;;;;;;;;;;;
;;;;;;;攫;緼;緽;緾;縏;縐;縑;縢;縣;縤;縥;縦;縧;縨;縩;认;;;;;;;;;;;;;;;;;;;;
;;;;;;;緻;縌;縍;縎;縟;縠;縡;縲;縳;縴;縵;縶;縷;縸;縹;冗;;;;;;;;;;;;;;;;;;;;
;;;;;;;縋;縜;縝;縞;縯;縰;縱;繃;繄;繅;繆;繈;繉;繊;繋;蕊;;;;;;;;;;;;;;;;;;;;
;;;;;;;縛;縬;縭;縮;縿;繀;繂;織;繕;繖;繗;繘;繙;繚;繛;蒓;;;;;;;;;;;;;;;;;;;;
;;;;;;;縫;縼;總;績;繑;繒;繓;咖;卡;咯;开;揩;楷;凯;慨;蒧;;;;;;;;;;;;;;;;;;;;
;;;;;;;縺;繎;繏;繐;郡;骏;喀;糠;扛;抗;亢;炕;考;拷;烤;蒾;;;;;;;;;;;;;;;;;;;;
;;;;;;;繍;俊;竣;浚;看;康;慷;壳;咳;可;渴;克;刻;客;课;蓮;;;;;;;;;;;;;;;;;;;;
;;;;;;;繝;勘;坎;砍;磕;颗;科;孔;控;抠;口;扣;寇;枯;哭;蔁;;;;;;;;;;;;;;;;;;;;
;;;;;;;堪;苛;柯;棵;吭;空;恐;跨;胯;块;筷;侩;快;宽;款;莎;;;;;;;;;;;;;;;;;;;;
;;;;;;;坷;垦;恳;坑;夸;垮;挎;亏;盔;岿;窥;葵;奎;魁;傀;煽;;;;;;;;;;;;;;;;;;;;
;;;;;;;啃;酷;库;裤;眶;旷;况;繥;繦;繧;繨;繩;繪;繫;繬;上;;;;;;;;;;;;;;;;;;;;
;;;;;;;苦;狂;框;矿;繢;繣;繤;繵;繶;繷;繸;繹;繺;繻;繼;蛇;;;;;;;;;;;;;;;;;;;;
;;;;;;;筐;繟;繠;繡;繲;繳;繴;纆;纇;纈;纉;纊;纋;續;纍;娠;;;;;;;;;;;;;;;;;;;;
;;;;;;;繞;繯;繰;繱;纃;纄;纅;纖;纗;纘;纙;纚;纜;纝;纞;蔕;;;;;;;;;;;;;;;;;;;;
;;;;;;;繮;繿;纀;纁;纓;纔;纕;绹;缊;缐;缞;缷;缹;缻;缼;蔩;;;;;;;;;;;;;;;;;;;;
;;;;;;;繾;纐;纑;纒;绖;绤;绬;罈;罉;罊;罋;罌;罍;罎;罏;蕂;;;;;;;;;;;;;;;;;;;;
;;;;;;;纏;纴;纻;纼;罃;罆;罇;困;括;扩;廓;阔;垃;拉;喇;蕪;;;;;;;;;;;;;;;;;;;;
;;;;;;;纮;缿;罀;罁;坤;昆;捆;婪;栏;拦;篮;阑;兰;澜;谰;薀;;;;;;;;;;;;;;;;;;;;
;;;;;;;缾;馈;愧;溃;来;赖;蓝;狼;廊;郎;朗;浪;捞;劳;牢;石;;;;;;;;;;;;;;;;;;;;
;;;;;;;罓;辣;啦;莱;滥;琅;榔;雷;镭;蕾;磊;累;儡;垒;擂;士;;;;;;;;;;;;;;;;;;;;
;;;;;;;腊;懒;缆;烂;涝;勒;乐;犁;黎;篱;狸;离;漓;理;李;氏;;;;;;;;;;;;;;;;;;;;
;;;;;;;览;姥;酪;烙;冷;厘;梨;厉;励;砾;历;利;傈;例;俐;蔬;;;;;;;;;;;;;;;;;;;;
;;;;;;;佬;泪;棱;楞;吏;栗;丽;罣;罤;罥;罦;罧;罫;罬;罭;曙;;;;;;;;;;;;;;;;;;;;
;;;;;;;类;礼;莉;荔;罝;罞;罠;罻;罼;罽;罿;羀;羂;羃;羄;薕;;;;;;;;;;;;;;;;;;;;
;;;;;;;鲤;罙;罛;罜;罷;罸;罺;羐;羑;羒;羓;羕;羖;羗;羘;薩;;;;;;;;;;;;;;;;;;;;
;;;;;;;罖;罳;罵;罶;羋;羍;羏;羨;義;羪;羫;羬;羭;羮;羱;薿;;;;;;;;;;;;;;;;;;;;
;;;;;;;罰;羇;羈;羉;羣;羥;羦;羾;翀;翂;翃;翄;翆;翇;翈;藦;;;;;;;;;;;;;;;;;;;;
;;;;;;;羆;羜;羠;羢;羷;羺;羻;翖;翗;翙;翚;翛;翜;翝;翞;藷;;;;;;;;;;;;;;;;;;;;
;;;;;;;羛;羴;羵;羶;翑;習;翓;璃;哩;俩;联;莲;连;镰;廉;睡;;;;;;;;;;;;;;;;;;;;
;;;;;;;羳;翍;翏;翐;沥;隶;力;练;粮;凉;梁;粱;良;两;辆;丝;;;;;;;;;;;;;;;;;;;;
;;;;;;;翋;痢;立;粒;链;恋;炼;燎;寥;辽;潦;了;撂;镣;廖;讼;;;;;;;;;;;;;;;;;;;;
;;;;;;;翣;帘;敛;脸;聊;僚;疗;磷;霖;临;邻;鳞;淋;凛;赁;诉;;;;;;;;;;;;;;;;;;;;
;;;;;;;涟;亮;谅;撩;猎;琳;林;羚;凌;灵;陵;岭;领;另;令;孙;;;;;;;;;;;;;;;;;;;;
;;;;;;;晾;裂;烈;劣;龄;铃;伶;流;柳;六;龙;聋;咙;笼;窿;蘋;;;;;;;;;;;;;;;;;;;;
;;;;;;;列;玲;菱;零;留;刘;瘤;翯;翲;翴;翵;翶;翷;翸;翹;蘝;;;;;;;;;;;;;;;;;;;;
;;;;;;;拎;榴;硫;馏;翫;翬;翭;耊;耎;耏;耑;耓;耚;耛;耝;蘯;;;;;;;;;;;;;;;;;;;;
;;;;;;;琉;翧;翨;翪;耇;耈;耉;耮;耯;耰;耲;耴;耹;耺;耼;虖;;;;;;;;;;;;;;;;;;;;
;;;;;;;翤;翾;翿;耂;耫;耬;耭;聎;聏;聐;聑;聓;聕;聖;聗;虩;;;;;;;;;;;;;;;;;;;;
;;;;;;;翽;耡;耣;耤;聇;聈;聉;聡;聢;聣;聤;聥;聦;聧;聨;摊;;;;;;;;;;;;;;;;;;;;
;;;;;;;耟;聁;聄;聅;聞;聟;聠;聴;聵;聶;職;聸;聹;聺;聻;炭;;;;;;;;;;;;;;;;;;;;
;;;;;;;聀;聛;聜;聝;聰;聲;聳;搂;篓;漏;陋;芦;卢;颅;庐;滔;;;;;;;;;;;;;;;;;;;;
;;;;;;;聙;聭;聮;聯;陇;楼;娄;路;赂;鹿;潞;禄;录;陆;戮;踢;;;;;;;;;;;;;;;;;;;;
;;;;;;;聬;隆;垄;拢;麓;碌;露;虑;氯;律;率;滤;绿;峦;挛;田;;;;;;;;;;;;;;;;;;;;
;;;;;;;聽;卤;虏;鲁;履;屡;缕;伦;仑;沦;纶;论;萝;螺;罗;蚈;;;;;;;;;;;;;;;;;;;;
;;;;;;;掳;铝;侣;旅;略;抡;轮;络;妈;麻;玛;码;蚂;马;骂;蚠;;;;;;;;;;;;;;;;;;;;
;;;;;;;吕;卵;乱;掠;落;洛;骆;瞒;馒;蛮;满;蔓;曼;慢;漫;蚾;;;;;;;;;;;;;;;;;;;;
;;;;;;;滦;箩;骡;裸;卖;迈;脉;肎;肏;肐;肑;肒;肔;肕;肗;蛷;;;;;;;;;;;;;;;;;;;;
;;;;;;;锣;埋;买;麦;肈;肊;肍;肳;肵;肶;肸;肹;肻;胅;胇;蜔;;;;;;;;;;;;;;;;;;;;
;;;;;;;吗;肁;肂;肅;肨;肬;肰;胓;胔;胕;胘;胟;胠;胢;胣;童;;;;;;;;;;;;;;;;;;;;
;;;;;;;聾;肣;肦;肧;胐;胑;胒;脀;脁;脃;脄;脅;脇;脈;脋;涂;;;;;;;;;;;;;;;;;;;;
;;;;;;;肞;胊;胋;胏;胻;胾;胿;脟;脠;脡;脢;脣;脤;脥;脦;拖;;;;;;;;;;;;;;;;;;;;
;;;;;;;胉;胵;胷;胹;脛;脜;脝;脳;脴;脵;脷;脹;脺;脻;脼;瓦;;;;;;;;;;;;;;;;;;;;
;;;;;;;胮;脕;脗;脙;脭;脮;脰;莽;猫;茅;锚;毛;矛;铆;卯;惋;;;;;;;;;;;;;;;;;;;;
;;;;;;;脌;脩;脪;脫;盲;氓;忙;梅;酶;霉;煤;没;眉;媒;镁;蜲;;;;;;;;;;;;;;;;;;;;
;;;;;;;脨;谩;芒;茫;么;玫;枚;们;萌;蒙;檬;盟;锰;猛;梦;蝊;;;;;;;;;;;;;;;;;;;;
;;;;;;;脿;帽;貌;贸;媚;门;闷;米;秘;觅;泌;蜜;密;幂;棉;蝟;;;;;;;;;;;;;;;;;;;;
;;;;;;;冒;昧;寐;妹;迷;谜;弥;苗;描;瞄;藐;秒;渺;庙;妙;螐;;;;;;;;;;;;;;;;;;;;
;;;;;;;美;醚;靡;糜;娩;缅;面;明;螟;鸣;铭;名;命;谬;摸;螣;;;;;;;;;;;;;;;;;;;;
;;;;;;;眯;冕;免;勉;敏;悯;闽;腉;腍;腎;腏;腒;腖;腗;腘;委;;;;;;;;;;;;;;;;;;;;
;;;;;;;绵;民;抿;皿;腄;腅;腇;腤;腦;腨;腪;腫;腬;腯;腲;慰;;;;;;;;;;;;;;;;;;;;
;;;;;;;灭;腁;腂;腃;腡;腢;腣;膅;膆;膇;膉;膋;膌;膍;膎;蜗;;;;;;;;;;;;;;;;;;;;
;;;;;;;腀;腝;腞;腟;膁;膃;膄;膚;膞;膟;膠;膡;膢;膤;膥;芜;;;;;;;;;;;;;;;;;;;;
;;;;;;;腜;腶;腷;腸;膖;膗;膙;膰;膱;膲;膴;膵;膶;膷;膸;物;;;;;;;;;;;;;;;;;;;;
;;;;;;;腵;膓;膔;膕;膭;膮;膯;臈;臉;臋;臍;臎;臏;臐;臑;螼;;;;;;;;;;;;;;;;;;;;
;;;;;;;膒;膩;膫;膬;臄;臅;臇;魔;抹;末;莫;墨;默;沫;漠;蟔;;;;;;;;;;;;;;;;;;;;
;;;;;;;膧;膽;膾;膿;膜;磨;摩;姆;母;墓;暮;幕;募;慕;木;蟧;;;;;;;;;;;;;;;;;;;;
;;;;;;;膼;摹;蘑;模;拇;牡;亩;那;娜;纳;氖;乃;奶;耐;奈;蠌;;;;;;;;;;;;;;;;;;;;
;;;;;;;臓;谋;牟;某;哪;呐;钠;淖;呢;馁;内;嫩;能;妮;霓;蠠;;;;;;;;;;;;;;;;;;;;
;;;;;;;陌;牧;穆;拿;脑;恼;闹;溺;蔫;拈;年;碾;撵;捻;念;席;;;;;;;;;;;;;;;;;;;;
;;;;;;;睦;难;囊;挠;匿;腻;逆;镊;镍;涅;您;柠;狞;凝;宁;峡;;;;;;;;;;;;;;;;;;;;
;;;;;;;男;尼;拟;你;聂;孽;啮;臛;臜;臝;臞;臟;臠;臡;臢;舷;;;;;;;;;;;;;;;;;;;;
;;;;;;;泥;鸟;尿;捏;臘;臙;臚;臰;臱;臲;臵;臶;臷;臸;臹;线;;;;;;;;;;;;;;;;;;;;
;;;;;;;酿;臕;臖;臗;臫;臮;臯;舋;舎;舏;舑;舓;舕;舖;舗;巷;;;;;;;;;;;;;;;;;;;;
;;;;;;;臔;臦;臨;臩;興;舉;舊;舧;舩;舮;舲;舺;舼;舽;舿;蠴;;;;;;;;;;;;;;;;;;;;
;;;;;;;臥;臿;舃;與;舤;舥;舦;艊;艌;艍;艎;艐;艑;艒;艓;衉;;;;;;;;;;;;;;;;;;;;
;;;;;;;臽;舚;舝;舠;艅;艆;艈;艞;艠;艡;艢;艣;艤;艥;艦;衞;;;;;;;;;;;;;;;;;;;;
;;;;;;;舙;艁;艂;艃;艛;艜;艝;脓;浓;农;弄;奴;努;怒;女;袕;;;;;;;;;;;;;;;;;;;;
;;;;;;;艀;艖;艗;艙;扭;钮;纽;欧;鸥;殴;藕;呕;偶;沤;啪;袩;;;;;;;;;;;;;;;;;;;;
;;;;;;;艕;拧;泞;牛;糯;诺;哦;徘;湃;派;攀;潘;盘;磐;盼;携;;;;;;;;;;;;;;;;;;;;
;;;;;;;艩;疟;挪;懦;拍;排;牌;抛;咆;刨;炮;袍;跑;泡;呸;锌;;;;;;;;;;;;;;;;;;;;
;;;;;;;虐;帕;怕;琶;旁;耪;胖;喷;盆;砰;抨;烹;澎;彭;蓬;邢;;;;;;;;;;;;;;;;;;;;
;;;;;;;爬;叛;乓;庞;配;佩;沛;坯;砒;霹;批;披;劈;琵;毗;羞;;;;;;;;;;;;;;;;;;;;
;;;;;;;判;裴;赔;陪;鹏;捧;碰;艷;艸;艻;艼;芀;芁;芃;芅;酗;;;;;;;;;;;;;;;;;;;;
;;;;;;;培;篷;膨;朋;艱;艵;艶;芖;芚;芛;芞;芠;芢;芣;芧;袿;;;;;;;;;;;;;;;;;;;;
;;;;;;;硼;艫;艬;艭;芓;芔;芕;苂;苃;苅;苆;苉;苐;苖;苙;裚;;;;;;;;;;;;;;;;;;;;
;;;;;;;艪;芉;芌;芐;芼;芿;苀;苭;苮;苰;苲;苳;苵;苶;苸;裲;;;;;;;;;;;;;;;;;;;;
;;;;;;;芇;芶;芺;芻;苩;苪;苬;茋;茍;茐;茒;茓;茖;茘;茙;褟;;;;;;;;;;;;;;;;;;;;
;;;;;;;芵;苢;苧;苨;苿;茀;茊;茥;茦;茩;茪;茮;茰;茲;茷;褵;;;;;;;;;;;;;;;;;;;;
;;;;;;;苝;苼;苽;苾;茢;茣;茤;僻;屁;譬;篇;偏;片;骗;飘;询;;;;;;;;;;;;;;;;;;;;
;;;;;;;苺;茟;茠;茡;皮;匹;痞;品;聘;乒;坪;苹;萍;平;凭;芽;;;;;;;;;;;;;;;;;;;;
;;;;;;;茞;啤;脾;疲;拼;频;贫;魄;迫;粕;剖;扑;铺;仆;莆;严;;;;;;;;;;;;;;;;;;;;
;;;;;;;茽;票;撇;瞥;颇;婆;破;谱;曝;瀑;期;欺;栖;戚;妻;堰;;;;;;;;;;;;;;;;;;;;
;;;;;;;瓢;屏;坡;泼;圃;普;浦;歧;畦;崎;脐;齐;旗;祈;祁;扬;;;;;;;;;;;;;;;;;;;;
;;;;;;;评;蒲;埔;朴;其;棋;奇;器;气;迄;弃;汽;泣;讫;掐;襉;;;;;;;;;;;;;;;;;;;;
;;;;;;;菩;漆;柒;沏;启;契;砌;荊;荋;荌;荍;荎;荓;荕;荖;襙;;;;;;;;;;;;;;;;;;;;
;;;;;;;凄;岂;乞;企;荄;荅;荈;荳;荴;荵;荶;荹;荺;荾;荿;襬;;;;;;;;;;;;;;;;;;;;
;;;;;;;起;茿;荁;荂;荰;荱;荲;莋;莌;莍;莏;莐;莑;莔;莕;覐;;;;;;;;;;;;;;;;;;;;
;;;;;;;茾;荙;荝;荢;莇;莈;莊;莣;莤;莥;莦;莧;莬;莭;莮;覠;;;;;;;;;;;;;;;;;;;;
;;;;;;;荘;莂;莃;莄;莟;莡;莢;菄;菆;菈;菉;菋;菍;菎;菐;爷;;;;;;;;;;;;;;;;;;;;
;;;;;;;莁;莙;莚;莝;莿;菂;菃;菞;菢;菣;菤;菦;菧;菨;菫;铱;;;;;;;;;;;;;;;;;;;;
;;;;;;;莗;莵;莻;莾;菙;菚;菛;千;迁;签;仟;谦;乾;黔;钱;蚁;;;;;;;;;;;;;;;;;;;;
;;;;;;;莯;菓;菕;菗;扦;钎;铅;欠;歉;枪;呛;腔;羌;墙;蔷;疫;;;;;;;;;;;;;;;;;;;;
;;;;;;;菒;恰;洽;牵;谴;堑;嵌;乔;侨;巧;鞘;撬;翘;峭;俏;绎;;;;;;;;;;;;;;;;;;;;
;;;;;;;菭;潜;遣;浅;悄;桥;瞧;亲;秦;琴;勤;芹;擒;禽;寝;覱;;;;;;;;;;;;;;;;;;;;
;;;;;;;前;橇;锹;敲;窃;钦;侵;晴;氰;情;顷;请;庆;琼;穷;觃;;;;;;;;;;;;;;;;;;;;
;;;;;;;抢;茄;且;怯;卿;清;擎;趋;区;蛆;曲;躯;屈;驱;渠;觨;;;;;;;;;;;;;;;;;;;;
;;;;;;;切;轻;氢;倾;囚;酋;泅;菺;菻;菼;菾;菿;萀;萂;萅;訌;;;;;;;;;;;;;;;;;;;;
;;;;;;;青;邱;球;求;菵;菶;菷;萕;萖;萗;萙;萚;萛;萞;萟;訜;;;;;;;;;;;;;;;;;;;;
;;;;;;;丘;華;菳;菴;萒;萓;萔;萭;萮;萯;萰;萲;萳;萴;萵;盈;;;;;;;;;;;;;;;;;;;;
;;;;;;;菮;萉;萊;萐;萪;萫;萬;葁;葂;葃;葄;葅;葇;葈;葉;涌;;;;;;;;;;;;;;;;;;;;
;;;;;;;萈;萢;萣;萩;萾;萿;葀;葒;葓;葔;葕;葖;葘;葝;葞;酉;;;;;;;;;;;;;;;;;;;;
;;;;;;;萡;萹;萺;萻;葎;葏;葐;葪;葮;葯;葰;葲;葴;葷;葹;舆;;;;;;;;;;;;;;;;;;;;
;;;;;;;萷;葋;葌;葍;葦;葧;葨;颧;权;醛;泉;全;痊;拳;犬;语;;;;;;;;;;;;;;;;;;;;
;;;;;;;葊;葢;葤;葥;趣;去;圈;确;雀;裙;群;然;燃;冉;染;設;;;;;;;;;;;;;;;;;;;;
;;;;;;;葠;取;娶;龋;却;鹊;榷;惹;热;壬;仁;人;忍;韧;任;訽;;;;;;;;;;;;;;;;;;;;
;;;;;;;葼;缺;炔;瘸;饶;扰;绕;茸;蓉;荣;融;熔;溶;容;绒;詏;;;;;;;;;;;;;;;;;;;;
;;;;;;;劝;攘;嚷;让;仍;日;戎;如;辱;乳;汝;入;褥;软;阮;詮;;;;;;;;;;;;;;;;;;;;
;;;;;;;壤;妊;纫;扔;蠕;儒;孺;洒;萨;腮;鳃;塞;赛;三;叁;詿;;;;;;;;;;;;;;;;;;;;
;;;;;;;刃;柔;肉;茹;若;弱;撒;蒅;蒆;蒊;蒍;蒏;蒐;蒑;蒒;辕;;;;;;;;;;;;;;;;;;;;
;;;;;;;揉;锐;闰;润;蒁;蒃;蒄;蒞;蒟;蒠;蒢;蒣;蒤;蒥;蒦;钥;;;;;;;;;;;;;;;;;;;;
;;;;;;;瑞;葾;葿;蒀;蒚;蒛;蒝;蒰;蒱;蒳;蒵;蒶;蒷;蒻;蒼;韵;;;;;;;;;;;;;;;;;;;;
;;;;;;;葽;蒕;蒖;蒘;蒬;蒭;蒮;蓋;蓌;蓎;蓏;蓒;蓔;蓕;蓗;赃;;;;;;;;;;;;;;;;;;;;
;;;;;;;蒔;蒩;蒪;蒫;蓆;蓇;蓈;蓢;蓤;蓧;蓨;蓩;蓪;蓫;蓭;燥;;;;;;;;;;;;;;;;;;;;
;;;;;;;蒨;蓂;蓃;蓅;蓜;蓞;蓡;蓷;蓸;蓹;蓺;蓻;蓽;蓾;蔀;誒;;;;;;;;;;;;;;;;;;;;
;;;;;;;蓀;蓙;蓚;蓛;蓴;蓵;蓶;骚;扫;嫂;瑟;色;涩;森;僧;誣;;;;;;;;;;;;;;;;;;;;
;;;;;;;蓘;蓱;蓲;蓳;嗓;丧;搔;煞;筛;晒;珊;苫;杉;山;删;誳;;;;;;;;;;;;;;;;;;;;
;;;;;;;蓯;伞;散;桑;纱;傻;啥;汕;扇;缮;墒;伤;商;赏;晌;諒;;;;;;;;;;;;;;;;;;;;
;;;;;;;蔂;杀;刹;沙;赡;膳;善;勺;韶;少;哨;邵;绍;奢;赊;諢;;;;;;;;;;;;;;;;;;;;
;;;;;;;砂;闪;陕;擅;稍;烧;芍;社;设;砷;申;呻;伸;身;深;寨;;;;;;;;;;;;;;;;;;;;
;;;;;;;衫;裳;梢;捎;射;慑;涉;慎;渗;声;生;甥;牲;升;绳;湛;;;;;;;;;;;;;;;;;;;;
;;;;;;;尚;舍;赦;摄;婶;甚;肾;蔊;蔋;蔍;蔎;蔏;蔐;蔒;蔔;障;;;;;;;;;;;;;;;;;;;;
;;;;;;;舌;神;沈;审;蔇;蔈;蔉;蔠;蔢;蔣;蔤;蔥;蔦;蔧;蔨;者;;;;;;;;;;;;;;;;;;;;
;;;;;;;绅;蔄;蔅;蔆;蔜;蔝;蔞;蔳;蔴;蔵;蔶;蔾;蔿;蕀;蕁;诊;;;;;;;;;;;;;;;;;;;;
;;;;;;;蔃;蔘;蔙;蔛;蔰;蔱;蔲;蕎;蕏;蕐;蕑;蕒;蕓;蕔;蕕;諳;;;;;;;;;;;;;;;;;;;;
;;;;;;;蔖;蔭;蔮;蔯;蕋;蕌;蕍;蕠;蕡;蕢;蕣;蕥;蕦;蕧;蕩;謃;;;;;;;;;;;;;;;;;;;;
;;;;;;;蔪;蕅;蕆;蕇;蕜;蕝;蕟;蕳;蕵;蕶;蕷;蕸;蕼;蕽;蕿;謔;;;;;;;;;;;;;;;;;;;;
;;;;;;;蕄;蕘;蕚;蕛;蕯;蕰;蕱;失;狮;施;湿;诗;尸;虱;十;謴;;;;;;;;;;;;;;;;;;;;
;;;;;;;蕗;蕬;蕭;蕮;胜;圣;师;史;矢;使;屎;驶;始;式;示;譄;;;;;;;;;;;;;;;;;;;;
;;;;;;;蕫;省;盛;剩;蚀;实;识;是;嗜;噬;适;仕;侍;释;饰;织;;;;;;;;;;;;;;;;;;;;
;;;;;;;薁;时;什;食;誓;逝;势;首;守;寿;授;售;受;瘦;兽;挚;;;;;;;;;;;;;;;;;;;;
;;;;;;;拾;柿;事;拭;试;收;手;淑;疏;书;赎;孰;熟;薯;暑;窒;;;;;;;;;;;;;;;;;;;;
;;;;;;;世;恃;室;视;输;叔;舒;树;束;戍;竖;墅;庶;数;漱;诌;;;;;;;;;;;;;;;;;;;;
;;;;;;;市;梳;殊;抒;属;术;述;薌;薍;薎;薐;薑;薒;薓;薔;诛;;;;;;;;;;;;;;;;;;;;
;;;;;;;枢;蜀;黍;鼠;薉;薊;薋;薟;薠;薡;薢;薣;薥;薦;薧;譕;;;;;;;;;;;;;;;;;;;;
;;;;;;;署;薃;薆;薈;薚;薝;薞;薵;薶;薸;薺;薻;薼;薽;薾;譥;;;;;;;;;;;;;;;;;;;;
;;;;;;;薂;薗;薘;薙;薲;薳;薴;藈;藊;藋;藌;藍;藎;藑;藒;護;;;;;;;;;;;;;;;;;;;;
;;;;;;;薖;薬;薭;薱;藅;藆;藇;藝;藞;藟;藠;藡;藢;藣;藥;讖;;;;;;;;;;;;;;;;;;;;
;;;;;;;薫;藂;藃;藄;藙;藚;藛;藯;藰;藱;藲;藳;藴;藵;藶;谉;;;;;;;;;;;;;;;;;;;;
;;;;;;;藀;藖;藗;藘;藬;藭;藮;帅;栓;拴;霜;双;爽;谁;水;庄;;;;;;;;;;;;;;;;;;;;
;;;;;;;藔;藨;藪;藫;摔;衰;甩;朔;烁;斯;撕;嘶;思;私;司;卓;;;;;;;;;;;;;;;;;;;;
;;;;;;;藧;恕;刷;耍;舜;说;硕;饲;巳;松;耸;怂;颂;送;宋;紫;;;;;;;;;;;;;;;;;;;;
;;;;;;;藸;吮;瞬;顺;四;伺;似;俗;素;速;粟;僳;塑;溯;宿;走;;;;;;;;;;;;;;;;;;;;
;;;;;;;税;肆;寺;嗣;嗽;苏;酥;绥;髓;碎;岁;穗;遂;隧;祟;罪;;;;;;;;;;;;;;;;;;;;
;;;;;;;死;搜;艘;擞;虽;隋;随;索;锁;所;塌;他;它;她;塔;豋;;;;;;;;;;;;;;;;;;;;
;;;;;;;诵;酸;蒜;算;唆;缩;琐;蘂;蘃;蘄;蘆;蘇;蘈;蘉;蘊;豞;;;;;;;;;;;;;;;;;;;;
;;;;;;;肃;笋;蓑;梭;藾;蘀;蘁;蘔;蘕;蘗;蘘;蘙;蘚;蘛;蘜;豲;;;;;;;;;;;;;;;;;;;;
;;;;;;;损;藺;藼;藽;蘐;蘒;蘓;蘥;蘦;蘨;蘪;蘫;蘬;蘭;蘮;貜;;;;;;;;;;;;;;;;;;;;
;;;;;;;藹;蘍;蘎;蘏;蘢;蘣;蘤;蘷;蘹;蘺;蘻;蘽;蘾;蘿;虀;責;;;;;;;;;;;;;;;;;;;;
;;;;;;;蘌;蘟;蘠;蘡;蘴;蘵;蘶;虈;虉;虊;虋;虌;虒;虓;處;丿;;;;;;;;;;;;;;;;;;;;
;;;;;;;蘞;蘱;蘲;蘳;虅;虆;虇;虠;虡;虣;虤;虥;虦;虧;虨;乜;;;;;;;;;;;;;;;;;;;;
;;;;;;;蘰;虂;虃;虄;虜;虝;號;抬;台;泰;酞;太;态;汰;坍;叵;;;;;;;;;;;;;;;;;;;;
;;;;;;;虁;虘;虙;虛;踏;胎;苔;谭;谈;坦;毯;袒;碳;探;叹;剡;;;;;;;;;;;;;;;;;;;;
;;;;;;;虗;獭;挞;蹋;檀;痰;潭;糖;倘;躺;淌;趟;烫;掏;涛;仫;;;;;;;;;;;;;;;;;;;;
;;;;;;;虪;瘫;滩;坛;棠;膛;唐;套;特;藤;腾;疼;誊;梯;剔;貽;;;;;;;;;;;;;;;;;;;;
;;;;;;;贪;塘;搪;堂;淘;陶;讨;嚏;惕;涕;剃;屉;天;添;填;賍;;;;;;;;;;;;;;;;;;;;
;;;;;;;汤;萄;桃;逃;啼;体;替;眺;跳;贴;铁;帖;厅;听;烃;賝;;;;;;;;;;;;;;;;;;;;
;;;;;;;绦;提;题;蹄;挑;条;迢;虶;虷;虸;蚃;蚄;蚅;蚆;蚇;購;;;;;;;;;;;;;;;;;;;;
;;;;;;;锑;恬;舔;腆;虳;虴;虵;蚖;蚗;蚘;蚙;蚚;蚛;蚞;蚟;贌;;;;;;;;;;;;;;;;;;;;
;;;;;;;甜;虯;虰;虲;蚑;蚒;蚔;蚲;蚳;蚷;蚸;蚹;蚻;蚼;蚽;侬;;;;;;;;;;;;;;;;;;;;
;;;;;;;虭;蚎;蚏;蚐;蚫;蚭;蚮;蛍;蛒;蛓;蛕;蛖;蛗;蛚;蛜;倏;;;;;;;;;;;;;;;;;;;;
;;;;;;;蚉;蚢;蚥;蚦;蛅;蛈;蛌;蛧;蛨;蛪;蛫;蛬;蛯;蛵;蛶;傧;;;;;;;;;;;;;;;;;;;;
;;;;;;;蚡;蛁;蛂;蛃;蛣;蛥;蛦;蜅;蜆;蜋;蜌;蜎;蜏;蜐;蜑;龠;;;;;;;;;;;;;;;;;;;;
;;;;;;;蚿;蛠;蛡;蛢;蛿;蜁;蜄;艇;通;桐;酮;瞳;同;铜;彤;亠;;;;;;;;;;;;;;;;;;;;
;;;;;;;蛝;蛻;蛼;蛽;亭;庭;挺;头;透;凸;秃;突;图;徒;途;贠;;;;;;;;;;;;;;;;;;;;
;;;;;;;蛺;汀;廷;停;痛;偷;投;颓;腿;蜕;褪;退;吞;屯;臀;赺;;;;;;;;;;;;;;;;;;;;
;;;;;;;蜖;捅;筒;统;湍;团;推;妥;拓;唾;挖;哇;蛙;洼;娃;趏;;;;;;;;;;;;;;;;;;;;
;;;;;;;桶;土;吐;兔;驮;驼;椭;顽;丸;烷;完;碗;挽;晚;皖;趶;;;;;;;;;;;;;;;;;;;;
;;;;;;;屠;脱;鸵;陀;弯;湾;玩;枉;网;往;旺;望;忘;妄;威;跓;;;;;;;;;;;;;;;;;;;;
;;;;;;;托;歪;外;豌;汪;王;亡;蜧;蜨;蜪;蜫;蜬;蜭;蜯;蜰;诏;;;;;;;;;;;;;;;;;;;;
;;;;;;;袜;婉;万;腕;蜠;蜤;蜦;蜽;蝀;蝁;蝂;蝃;蝄;蝅;蝆;诳;;;;;;;;;;;;;;;;;;;;
;;;;;;;宛;蜛;蜝;蜟;蜹;蜺;蜼;蝕;蝖;蝘;蝚;蝛;蝜;蝝;蝞;谙;;;;;;;;;;;;;;;;;;;;
;;;;;;;蜙;蜵;蜶;蜸;蝑;蝒;蝔;蝫;蝬;蝭;蝯;蝱;蝲;蝳;蝵;谶;;;;;;;;;;;;;;;;;;;;
;;;;;;;蜳;蝍;蝏;蝐;蝨;蝩;蝪;螄;螆;螇;螉;螊;螌;螎;螏;陲;;;;;;;;;;;;;;;;;;;;
;;;;;;;蝋;蝢;蝦;蝧;蝿;螀;螁;螚;螛;螜;螝;螞;螠;螡;螢;跲;;;;;;;;;;;;;;;;;;;;
;;;;;;;蝡;蝸;蝹;蝺;螖;螘;螙;围;唯;惟;为;潍;维;苇;萎;踎;;;;;;;;;;;;;;;;;;;;
;;;;;;;蝷;螒;螔;螕;韦;违;桅;畏;胃;喂;魏;位;渭;谓;尉;踥;;;;;;;;;;;;;;;;;;;;
;;;;;;;螑;巍;微;危;未;蔚;味;吻;稳;紊;问;嗡;翁;瓮;挝;蹚;;;;;;;;;;;;;;;;;;;;
;;;;;;;螤;伪;尾;纬;文;闻;纹;巫;呜;钨;乌;污;诬;屋;无;蹮;;;;;;;;;;;;;;;;;;;;
;;;;;;;伟;瘟;温;蚊;卧;握;沃;午;舞;伍;侮;坞;戊;雾;晤;郫;;;;;;;;;;;;;;;;;;;;
;;;;;;;卫;窝;我;斡;武;五;捂;西;硒;矽;晰;嘻;吸;锡;牺;劭;;;;;;;;;;;;;;;;;;;;
;;;;;;;涡;吾;吴;毋;昔;熙;析;螱;螲;螴;螶;螷;螸;螹;螻;巯;;;;;;;;;;;;;;;;;;;;
;;;;;;;梧;务;悟;误;螪;螮;螰;蟇;蟈;蟉;蟌;蟍;蟎;蟏;蟐;圻;;;;;;;;;;;;;;;;;;;;
;;;;;;;勿;螦;螧;螩;蟃;蟄;蟅;蟝;蟞;蟟;蟡;蟢;蟣;蟤;蟦;埏;;;;;;;;;;;;;;;;;;;;
;;;;;;;螥;螿;蟁;蟂;蟙;蟚;蟜;蟱;蟲;蟳;蟴;蟵;蟶;蟷;蟸;躉;;;;;;;;;;;;;;;;;;;;
;;;;;;;螾;蟖;蟗;蟘;蟭;蟯;蟰;蠂;蠄;蠅;蠆;蠇;蠈;蠉;蠋;躝;;;;;;;;;;;;;;;;;;;;
;;;;;;;蟕;蟩;蟫;蟬;蟿;蠀;蠁;蠗;蠘;蠙;蠚;蠜;蠝;蠞;蠟;躱;;;;;;;;;;;;;;;;;;;;
;;;;;;;蟨;蟻;蟼;蟽;蠑;蠒;蠔;惜;熄;烯;溪;汐;犀;檄;袭;軓;;;;;;;;;;;;;;;;;;;;
;;;;;;;蟺;蠎;蠏;蠐;悉;膝;夕;戏;细;瞎;虾;匣;霞;辖;暇;軣;;;;;;;;;;;;;;;;;;;;
;;;;;;;蠍;稀;息;希;洗;系;隙;锨;先;仙;鲜;纤;咸;贤;衔;墀;;;;;;;;;;;;;;;;;;;;
;;;;;;;蠣;媳;喜;铣;夏;吓;掀;献;县;腺;馅;羡;宪;陷;限;芸;;;;;;;;;;;;;;;;;;;;
;;;;;;;习;狭;下;厦;显;险;现;乡;翔;祥;详;想;响;享;项;芟;;;;;;;;;;;;;;;;;;;;
;;;;;;;侠;涎;弦;嫌;箱;襄;湘;削;哮;嚣;销;消;宵;淆;晓;苓;;;;;;;;;;;;;;;;;;;;
;;;;;;;闲;厢;镶;香;萧;硝;霄;蠫;蠬;蠭;蠮;蠯;蠰;蠱;蠳;茱;;;;;;;;;;;;;;;;;;;;
;;;;;;;相;像;向;象;蠨;蠩;蠪;蠾;蠿;衁;衂;衃;衆;衇;衈;軴;;;;;;;;;;;;;;;;;;;;
;;;;;;;橡;蠥;蠦;蠧;蠺;蠻;蠽;術;衕;衖;衘;衚;衛;衜;衝;輄;;;;;;;;;;;;;;;;;;;;
;;;;;;;蠤;蠶;蠷;蠸;衐;衑;衒;衱;衳;衴;衵;衶;衸;衹;衺;輔;;;;;;;;;;;;;;;;;;;;
;;;;;;;蠵;衋;衎;衏;衪;衭;衯;袊;袌;袎;袏;袐;袑;袓;袔;輳;;;;;;;;;;;;;;;;;;;;
;;;;;;;衊;衠;衦;衧;袆;袇;袉;袟;袠;袡;袣;袥;袦;袧;袨;轃;;;;;;;;;;;;;;;;;;;;
;;;;;;;衟;衼;袀;袃;袛;袝;袞;效;楔;些;歇;蝎;鞋;协;挟;莜;;;;;;;;;;;;;;;;;;;;
;;;;;;;衻;袘;袙;袚;肖;啸;笑;蟹;懈;泄;泻;谢;屑;薪;芯;菘;;;;;;;;;;;;;;;;;;;;
;;;;;;;袗;小;孝;校;写;械;卸;星;腥;猩;惺;兴;刑;型;形;菹;;;;;;;;;;;;;;;;;;;;
;;;;;;;袪;斜;胁;谐;心;信;衅;凶;胸;匈;汹;雄;熊;休;修;葸;;;;;;;;;;;;;;;;;;;;
;;;;;;;邪;辛;新;忻;性;姓;兄;戌;需;虚;嘘;须;徐;许;蓄;蒿;;;;;;;;;;;;;;;;;;;;
;;;;;;;欣;醒;幸;杏;袖;绣;墟;绪;续;轩;喧;宣;悬;旋;玄;轔;;;;;;;;;;;;;;;;;;;;
;;;;;;;行;嗅;锈;秀;恤;絮;婿;袵;袶;袸;袹;袺;袻;袽;袾;轤;;;;;;;;;;;;;;;;;;;;
;;;;;;;朽;旭;序;畜;袲;袳;袴;裌;裍;裏;裐;裑;裓;裖;裗;辭;;;;;;;;;;;;;;;;;;;;
;;;;;;;叙;袮;袯;袰;裈;裊;裋;裧;裩;裪;裫;裬;裭;裮;裯;迯;;;;;;;;;;;;;;;;;;;;
;;;;;;;袬;裃;裄;裇;裠;裡;裦;褀;褁;褃;褄;褅;褆;複;褈;逕;;;;;;;;;;;;;;;;;;;;
;;;;;;;裀;補;裝;裞;裻;製;裿;褔;褕;褖;褗;褘;褜;褝;褞;薤;;;;;;;;;;;;;;;;;;;;
;;;;;;;裛;裶;裷;裺;褎;褏;褑;褩;褬;褭;褮;褯;褱;褲;褳;蘅;;;;;;;;;;;;;;;;;;;;
;;;;;;;裵;褋;褌;褍;褦;褧;褨;学;穴;雪;血;勋;熏;循;旬;尴;;;;;;;;;;;;;;;;;;;;
;;;;;;;褉;褢;褣;褤;绚;靴;薛;逊;迅;压;押;鸦;鸭;呀;丫;捱;;;;;;;;;;;;;;;;;;;;
;;;;;;;褠;选;癣;眩;汛;训;讯;亚;讶;焉;咽;阉;烟;淹;盐;揎;;;;;;;;;;;;;;;;;;;;
;;;;;;;褷;驯;巡;殉;涯;雅;哑;炎;沿;奄;掩;眼;衍;演;艳;逴;;;;;;;;;;;;;;;;;;;;
;;;;;;;寻;蚜;崖;衙;言;颜;阎;宴;谚;验;殃;央;鸯;秧;杨;達;;;;;;;;;;;;;;;;;;;;
;;;;;;;牙;蜒;岩;延;唁;彦;焰;痒;养;样;漾;邀;腰;妖;瑶;遫;;;;;;;;;;;;;;;;;;;;
;;;;;;;研;厌;砚;雁;阳;氧;仰;褿;襀;襂;襃;襅;襆;襇;襈;邚;;;;;;;;;;;;;;;;;;;;
;;;;;;;燕;疡;羊;洋;褼;褽;褾;襑;襒;襓;襔;襕;襖;襗;襘;邿;;;;;;;;;;;;;;;;;;;;
;;;;;;;佯;褹;褺;褻;襎;襏;襐;襣;襤;襥;襧;襨;襩;襪;襫;忒;;;;;;;;;;;;;;;;;;;;
;;;;;;;褸;襋;襌;襍;襠;襡;襢;襴;襵;襶;襷;襸;襹;襺;襼;呖;;;;;;;;;;;;;;;;;;;;
;;;;;;;襊;襛;襜;襝;襱;襲;襳;覈;覉;覊;見;覌;覍;覎;規;呦;;;;;;;;;;;;;;;;;;;;
;;;;;;;襚;襮;襯;襰;覄;覅;覇;覘;覙;覚;覛;覜;覝;覞;覟;哌;;;;;;;;;;;;;;;;;;;;
;;;;;;;襭;襾;覀;覂;覕;視;覗;咬;舀;药;要;耀;椰;噎;耶;唢;;;;;;;;;;;;;;;;;;;;
;;;;;;;襽;覒;覓;覔;窑;谣;姚;曳;腋;夜;液;一;壹;医;揖;;;;;;;;;;;;;;;;;;;;;
;;;;;;;覑;摇;尧;遥;掖;业;叶;仪;胰;疑;沂;宜;姨;彝;椅;郞;;;;;;;;;;;;;;;;;;;;
;;;;;;;覡;冶;也;页;夷;遗;移;易;邑;屹;亿;役;臆;逸;肄;郷;;;;;;;;;;;;;;;;;;;;
;;;;;;;野;伊;衣;颐;以;艺;抑;溢;诣;议;谊;译;异;翼;翌;鄌;;;;;;;;;;;;;;;;;;;;
;;;;;;;依;已;乙;矣;忆;义;益;吟;银;淫;寅;饮;尹;引;隐;鄰;;;;;;;;;;;;;;;;;;;;
;;;;;;;倚;裔;意;毅;音;阴;姻;覩;親;覫;覬;覭;覮;覯;覰;酂;;;;;;;;;;;;;;;;;;;;
;;;;;;;亦;荫;因;殷;覦;覧;覨;覹;覺;覻;覼;覽;覾;覿;觀;喁;;;;;;;;;;;;;;;;;;;;
;;;;;;;茵;覣;覤;覥;覶;覷;覸;觛;觝;觟;觠;觡;觢;觤;觧;嗫;;;;;;;;;;;;;;;;;;;;
;;;;;;;覢;観;覴;覵;觗;觘;觙;觲;觴;觵;觶;觷;觸;觹;觺;嘞;;;;;;;;;;;;;;;;;;;;
;;;;;;;覲;觓;觔;觕;觮;觰;觱;訃;訄;訅;訆;計;訉;訊;訋;噙;;;;;;;;;;;;;;;;;;;;
;;;;;;;觍;觪;觬;觭;觿;訁;訂;訔;訕;訖;託;記;訙;訚;訛;囡;;;;;;;;;;;;;;;;;;;;
;;;;;;;觩;觼;觽;觾;訑;訒;訓;缨;莹;萤;营;荧;蝇;迎;赢;酧;;;;;;;;;;;;;;;;;;;;
;;;;;;;觻;討;訏;訐;婴;鹰;应;臃;痈;庸;雍;踊;蛹;咏;泳;醎;;;;;;;;;;;;;;;;;;;;
;;;;;;;訍;印;英;樱;哟;拥;佣;忧;尤;由;邮;铀;犹;油;游;醥;;;;;;;;;;;;;;;;;;;;
;;;;;;;訝;颖;硬;映;幽;优;悠;幼;迂;淤;于;盂;榆;虞;愚;釓;;;;;;;;;;;;;;;;;;;;
;;;;;;;影;恿;勇;用;釉;诱;又;隅;予;娱;雨;与;屿;禹;宇;釤;;;;;;;;;;;;;;;;;;;;
;;;;;;;永;友;右;佑;愉;渝;渔;喻;峪;御;愈;欲;狱;育;誉;岑;;;;;;;;;;;;;;;;;;;;
;;;;;;;有;俞;逾;鱼;郁;吁;遇;訥;訦;訧;訨;訩;訪;訫;訬;峥;;;;;;;;;;;;;;;;;;;;
;;;;;;;余;玉;域;芋;訢;訣;訤;訵;訶;訷;訸;訹;診;註;証;嵯;;;;;;;;;;;;;;;;;;;;
;;;;;;;羽;訟;訠;訡;訲;訳;訴;詆;詇;詉;詊;詋;詌;詍;詎;徇;;;;;;;;;;;;;;;;;;;;
;;;;;;;訞;訯;訰;許;詃;詄;詅;詗;詘;詙;詚;詛;詜;詝;詞;犸;;;;;;;;;;;;;;;;;;;;
;;;;;;;訮;詀;詁;詂;詔;評;詖;試;詧;詨;詩;詪;詫;詬;詭;釵;;;;;;;;;;;;;;;;;;;;
;;;;;;;訿;詑;詒;詓;詣;詤;詥;詶;詷;詸;詺;詻;詼;詽;詾;鈅;;;;;;;;;;;;;;;;;;;;
;;;;;;;詐;詠;詡;詢;詳;詴;詵;鸳;渊;冤;元;垣;袁;原;援;鈕;;;;;;;;;;;;;;;;;;;;
;;;;;;;詟;詰;話;該;预;豫;驭;苑;愿;怨;院;曰;约;越;跃;鈴;;;;;;;;;;;;;;;;;;;;
;;;;;;;詯;浴;寓;裕;源;缘;远;郧;匀;陨;允;运;蕴;酝;晕;鉄;;;;;;;;;;;;;;;;;;;;
;;;;;;;誀;员;圆;猿;阅;耘;云;宰;载;再;在;咱;攒;暂;赞;獐;;;;;;;;;;;;;;;;;;;;
;;;;;;;园;粤;月;悦;栽;哉;灾;早;澡;蚤;躁;噪;造;皂;灶;饪;;;;;;;;;;;;;;;;;;;;
;;;;;;;岳;匝;砸;杂;凿;藻;枣;憎;曾;赠;扎;喳;渣;札;轧;庀;;;;;;;;;;;;;;;;;;;;
;;;;;;;孕;葬;遭;糟;贼;怎;增;誈;誋;誌;認;誎;誏;誐;誑;膺;;;;;;;;;;;;;;;;;;;;
;;;;;;;脏;择;则;泽;誅;誆;誇;誛;誜;誝;語;誟;誠;誡;誢;怙;;;;;;;;;;;;;;;;;;;;
;;;;;;;责;誂;誃;誄;誘;誙;誚;誫;説;読;誮;誯;誰;誱;課;鉕;;;;;;;;;;;;;;;;;;;;
;;;;;;;誁;誕;誖;誗;誨;誩;說;誻;誼;誽;誾;調;諀;諁;諂;鉥;;;;;;;;;;;;;;;;;;;;
;;;;;;;誔;誥;誦;誧;誸;誹;誺;諊;請;諌;諍;諎;諏;諐;諑;鉶;;;;;;;;;;;;;;;;;;;;
;;;;;;;誤;誵;誶;誷;談;諈;諉;諚;諛;諜;諝;諞;諟;諠;諡;銖;;;;;;;;;;;;;;;;;;;;
;;;;;;;誴;諄;諅;諆;諗;諘;諙;乍;炸;诈;摘;斋;宅;窄;债;銦;;;;;;;;;;;;;;;;;;;;
;;;;;;;諃;諔;諕;論;栅;榨;咋;辗;崭;展;蘸;栈;占;战;站;惘;;;;;;;;;;;;;;;;;;;;
;;;;;;;諓;铡;闸;眨;沾;盏;斩;涨;杖;丈;帐;账;仗;胀;瘴;憧;;;;;;;;;;;;;;;;;;;;
;;;;;;;諣;毡;詹;粘;漳;张;掌;兆;肇;召;遮;折;哲;蛰;辙;阆;;;;;;;;;;;;;;;;;;;;
;;;;;;;瞻;樟;章;彰;赵;照;罩;甄;砧;臻;贞;针;侦;枕;疹;氵;;;;;;;;;;;;;;;;;;;;
;;;;;;;绽;昭;找;沼;珍;斟;真;征;狰;争;怔;整;拯;正;政;泔;;;;;;;;;;;;;;;;;;;;
;;;;;;;招;蔗;这;浙;蒸;挣;睁;諫;諬;諭;諮;諯;諰;諱;諲;銸;;;;;;;;;;;;;;;;;;;;
;;;;;;;锗;振;镇;阵;諨;諩;諪;諻;諼;諽;諾;諿;謀;謁;謂;鋉;;;;;;;;;;;;;;;;;;;;
;;;;;;;震;諥;諦;諧;諸;諹;諺;謌;謍;謎;謏;謐;謑;謒;謓;鋙;;;;;;;;;;;;;;;;;;;;
;;;;;;;諤;諵;諶;諷;謉;謊;謋;謜;謝;謞;謟;謠;謡;謢;謣;鋸;;;;;;;;;;;;;;;;;;;;
;;;;;;;諴;謅;謆;謈;謙;謚;講;謬;謭;謮;謯;謰;謱;謲;謳;錈;;;;;;;;;;;;;;;;;;;;
;;;;;;;謄;謖;謗;謘;謩;謪;謫;謼;謽;謾;謿;譀;譁;譂;譃;浏;;;;;;;;;;;;;;;;;;;;
;;;;;;;謕;謥;謧;謨;謹;謺;謻;支;吱;蜘;知;肢;脂;汁;之;淇;;;;;;;;;;;;;;;;;;;;
;;;;;;;謤;謶;謷;謸;证;芝;枝;址;指;止;趾;只;旨;纸;志;湎;;;;;;;;;;;;;;;;;;;;
;;;;;;;謵;帧;症;郑;执;值;侄;智;秩;稚;质;炙;痔;滞;治;溥;;;;;;;;;;;;;;;;;;;;
;;;;;;;譅;直;植;殖;帜;峙;制;肿;重;仲;众;舟;周;州;洲;滹;;;;;;;;;;;;;;;;;;;;
;;;;;;;职;至;致;置;衷;终;种;昼;骤;珠;株;蛛;朱;猪;诸;錙;;;;;;;;;;;;;;;;;;;;
;;;;;;;掷;盅;忠;钟;咒;皱;宙;主;著;柱;助;蛀;贮;铸;筑;錩;;;;;;;;;;;;;;;;;;;;
;;;;;;;中;轴;肘;帚;拄;瞩;嘱;譍;譎;譏;譐;譑;譒;譓;譔;錹;;;;;;;;;;;;;;;;;;;;
;;;;;;;粥;竹;烛;煮;譊;譋;譌;譝;譞;譟;譠;譡;譢;譣;譤;鍙;;;;;;;;;;;;;;;;;;;;
;;;;;;;逐;譇;譈;證;譚;譛;譜;譯;議;譱;譲;譳;譴;譵;譶;鍩;;;;;;;;;;;;;;;;;;;;
;;;;;;;譆;譗;識;譙;譫;譭;譮;譿;讀;讁;讂;讃;讄;讅;讆;瀵;;;;;;;;;;;;;;;;;;;;
;;;;;;;譖;譨;譩;譪;譼;譽;譾;讎;讏;讐;讑;讒;讓;讔;讕;蹇;;;;;;;;;;;;;;;;;;;;
;;;;;;;譧;譹;譺;譻;讋;讌;讍;讞;讟;讬;讱;讻;诇;诐;诪;逑;;;;;;;;;;;;;;;;;;;;
;;;;;;;譸;讈;讉;變;讛;讜;讝;拽;专;砖;转;撰;赚;篆;桩;暹;;;;;;;;;;;;;;;;;;;;
;;;;;;;讇;讘;讙;讚;驻;抓;爪;追;赘;坠;缀;谆;准;捉;拙;屣;;;;;;;;;;;;;;;;;;;;
;;;;;;;讗;住;注;祝;状;椎;锥;浊;兹;咨;资;姿;滋;淄;孜;鍻;;;;;;;;;;;;;;;;;;;;
;;;;;;;谞;妆;撞;壮;啄;着;灼;鬃;棕;踪;宗;综;总;纵;邹;鎋;;;;;;;;;;;;;;;;;;;;
;;;;;;;装;琢;茁;酌;自;渍;字;诅;阻;组;钻;纂;嘴;醉;最;鎜;;;;;;;;;;;;;;;;;;;;
;;;;;;;桌;籽;滓;子;卒;族;祖;作;坐;座;豃;豄;豅;豈;豊;鎻;;;;;;;;;;;;;;;;;;;;
;;;;;;;仔;揍;租;足;佐;柞;做;谿;豀;豂;豘;豙;豛;豜;豝;鏌;;;;;;;;;;;;;;;;;;;;
;;;;;;;奏;遵;昨;左;谼;谽;谾;豔;豖;豗;豭;豮;豯;豰;豱;姣;;;;;;;;;;;;;;;;;;;;
;;;;;;;尊;谹;谺;谻;豑;豒;豓;豨;豩;豬;貁;貃;貄;貆;貇;婵;;;;;;;;;;;;;;;;;;;;
;;;;;;;谸;豎;豏;豐;豥;豦;豧;豾;豿;貀;貖;貗;貙;貚;貛;嫦;;;;;;;;;;;;;;;;;;;;
;;;;;;;豍;豠;豣;豤;豻;豼;豽;貒;貓;貕;貧;貨;販;貪;貫;孢;;;;;;;;;;;;;;;;;;;;
;;;;;;;豟;豵;豶;豷;貏;貐;貑;貤;貥;貦;鬲;孬;噩;丨;禺;骘;;;;;;;;;;;;;;;;;;;;
;;;;;;;豴;貋;貍;貎;財;貢;貣;丕;亘;丞;睾;鼗;丶;亟;鼐;鏞;;;;;;;;;;;;;;;;;;;;
;;;;;;;貈;貞;貟;負;丐;廿;卅;胤;馗;毓;厥;厮;靥;赝;匚;鏮;;;;;;;;;;;;;;;;;;;;
;;;;;;;貝;亍;丌;兀;卮;氐;囟;厍;厝;厣;刳;刿;剀;剌;剞;鏾;;;;;;;;;;;;;;;;;;;;
;;;;;;;貭;乇;夭;爻;啬;嘏;仄;刈;刎;刭;仃;仉;仂;仨;仡;鐝;;;;;;;;;;;;;;;;;;;;
;;;;;;;匕;亓;芈;孛;卦;卣;刂;冂;罔;亻;佞;佧;攸;佚;佝;鐭;;;;;;;;;;;;;;;;;;;;
;;;;;;;乩;匮;匾;赜;劁;劐;劓;伧;伉;伫;貸;貹;貺;費;貼;绡;;;;;;;;;;;;;;;;;;;;
;;;;;;;匦;蒯;剽;劂;佤;仵;伥;貵;貶;買;賈;賉;賊;賋;賌;缈;;;;;;;;;;;;;;;;;;;;
;;;;;;;剜;伛;仳;伢;貲;貳;貴;賅;賆;資;賘;賙;賚;賛;賜;缦;;;;;;;;;;;;;;;;;;;;
;;;;;;;仞;貯;貰;貱;賂;賃;賄;賕;賖;賗;賨;賩;質;賫;賬;邕;;;;;;;;;;;;;;;;;;;;
;;;;;;;貮;貿;賀;賁;賒;賓;賔;賥;賦;賧;賷;賸;賹;賺;賻;顼;;;;;;;;;;;;;;;;;;;;
;;;;;;;貾;賏;賐;賑;賢;賣;賤;賴;賵;賶;贇;贈;贉;贊;贋;鐿;;;;;;;;;;;;;;;;;;;;
;;;;;;;賎;賟;賠;賡;賱;賲;賳;贄;贅;贆;侏;佾;佻;侪;佼;鑏;;;;;;;;;;;;;;;;;;;;
;;;;;;;賞;賮;賯;賰;贁;贂;贃;侑;侉;侃;俸;倩;偌;俳;倬;鑟;;;;;;;;;;;;;;;;;;;;
;;;;;;;賭;賾;賿;贀;伽;佶;佴;俜;俑;俟;偈;偎;偬;偻;傥;鑿;;;;;;;;;;;;;;;;;;;;
;;;;;;;賽;佟;佗;伲;俅;俚;俣;偾;偃;偕;仝;氽;佘;佥;俎;锜;;;;;;;;;;;;;;;;;;;;
;;;;;;;贍;俦;俨;俪;倌;倥;倨;僮;儇;儋;訇;匐;凫;夙;兕;璇;;;;;;;;;;;;;;;;;;;;
;;;;;;;侔;倭;俾;倜;僭;僬;僦;夔;勹;匍;羸;冫;冱;冽;冼;杩;;;;;;;;;;;;;;;;;;;;
;;;;;;;倮;傺;僖;儆;黉;馘;冁;禀;嬴;蠃;贘;贙;贚;贛;贜;柘;;;;;;;;;;;;;;;;;;;;
;;;;;;;傩;籴;兮;巽;亵;脔;裒;贕;贖;贗;赯;赱;赲;赸;赹;柽;;;;;;;;;;;;;;;;;;;;
;;;;;;;汆;亳;衮;袤;贒;贓;贔;赪;赬;赮;趈;趉;趌;趍;趎;栾;;;;;;;;;;;;;;;;;;;;
;;;;;;;兖;贏;贐;贑;赥;赨;赩;趃;趆;趇;趜;趝;趞;趠;趡;镺;;;;;;;;;;;;;;;;;;;;
;;;;;;;贎;赒;赗;赟;赿;趀;趂;趙;趚;趛;趭;趮;趯;趰;趲;開;;;;;;;;;;;;;;;;;;;;
;;;;;;;赑;赼;赽;赾;趖;趗;趘;趪;趫;趬;跉;跊;跍;跐;跒;閛;;;;;;;;;;;;;;;;;;;;
;;;;;;;赻;趒;趓;趕;趧;趨;趩;跅;跇;跈;讵;讷;诂;诃;诋;閺;;;;;;;;;;;;;;;;;;;;
;;;;;;;趐;趤;趥;趦;跀;跁;跂;讧;讪;讴;诤;诨;诩;诮;诰;闊;;;;;;;;;;;;;;;;;;;;
;;;;;;;趢;趹;趻;趽;冥;讠;讦;诜;诟;诠;谑;谒;谔;谕;谖;榀;;;;;;;;;;;;;;;;;;;;
;;;;;;;趷;凇;冖;冢;诖;诘;诙;谇;谌;谏;谮;谯;谲;谳;谵;榭;;;;;;;;;;;;;;;;;;;;
;;;;;;;跔;诒;诓;诔;谀;谂;谄;谧;谪;谫;陉;陔;陟;陧;陬;橄;;;;;;;;;;;;;;;;;;;;
;;;;;;;诎;诹;诼;诿;谠;谡;谥;阽;阼;陂;邡;邴;邳;邶;邺;檫;;;;;;;;;;;;;;;;;;;;
;;;;;;;诶;谘;谝;谟;阡;阱;阪;邝;邙;邬;跩;跭;跮;跰;跱;轱;;;;;;;;;;;;;;;;;;;;
;;;;;;;谛;卺;阝;阢;隰;邗;邛;跥;跦;跧;踆;踇;踈;踋;踍;闛;;;;;;;;;;;;;;;;;;;;
;;;;;;;卩;隈;隍;隗;跠;跡;跢;踂;踃;踄;踛;踜;踠;踡;踤;阓;;;;;;;;;;;;;;;;;;;;
;;;;;;;陴;跘;跙;跜;跿;踀;踁;踘;踙;踚;踷;踸;踻;踼;踾;阰;;;;;;;;;;;;;;;;;;;;
;;;;;;;跕;跶;跼;跾;踕;踖;踗;踳;踴;踶;蹔;蹕;蹖;蹗;蹘;陱;;;;;;;;;;;;;;;;;;;;
;;;;;;;跴;踑;踒;踓;踭;踰;踲;蹏;蹐;蹓;蹥;蹧;蹨;蹪;蹫;隉;;;;;;;;;;;;;;;;;;;;
;;;;;;;踐;踧;踨;踫;蹌;蹍;蹎;蹢;蹣;蹤;郦;郢;郜;郗;郛;戬;;;;;;;;;;;;;;;;;;;;
;;;;;;;踦;蹃;蹅;蹆;蹟;蹠;蹡;郄;郇;郓;酆;刍;奂;劢;劬;昕;;;;;;;;;;;;;;;;;;;;
;;;;;;;踿;蹜;蹝;蹞;郅;邾;郐;鄯;鄹;酃;凼;鬯;厶;弁;畚;晗;;;;;;;;;;;;;;;;;;;;
;;;;;;;蹛;邸;邰;郏;鄞;鄣;鄱;矍;廴;凵;圳;圹;圮;圯;坜;赀;;;;;;;;;;;;;;;;;;;;
;;;;;;;蹱;郾;鄄;鄢;勰;叟;燮;圩;圬;圪;坳;垭;垤;垌;垲;觑;;;;;;;;;;;;;;;;;;;;
;;;;;;;郯;哿;勐;勖;墼;壅;壑;坨;坭;坶;埴;埯;埸;埤;埝;隣;;;;;;;;;;;;;;;;;;;;
;;;;;;;劾;垩;垡;塾;垆;坼;坻;埙;埒;垸;躂;躃;躄;躆;躈;隷;;;;;;;;;;;;;;;;;;;;
;;;;;;;坌;坩;垅;坫;埕;埘;埚;蹽;蹾;躀;躗;躘;躙;躚;躛;雘;;;;;;;;;;;;;;;;;;;;
;;;;;;;坂;垴;垓;垠;蹹;蹺;蹻;躓;躕;躖;躩;躪;躭;躮;躰;霃;;;;;;;;;;;;;;;;;;;;
;;;;;;;垧;蹵;蹷;蹸;躎;躑;躒;躦;躧;躨;躾;躿;軀;軁;軂;霟;;;;;;;;;;;;;;;;;;;;
;;;;;;;蹳;躋;躌;躍;躣;躤;躥;躻;躼;躽;軍;軏;軐;軑;軒;氙;;;;;;;;;;;;;;;;;;;;
;;;;;;;躊;躠;躡;躢;躷;躸;躹;車;軋;軌;軞;軟;軠;軡;転;肟;;;;;;;;;;;;;;;;;;;;
;;;;;;;躟;躴;躵;躶;軇;軈;軉;軛;軜;軝;塥;塬;墁;墉;墚;胂;;;;;;;;;;;;;;;;;;;;
;;;;;;;躳;軄;軅;軆;軘;軙;軚;堙;塄;堠;芎;芑;芗;芙;芫;脒;;;;;;;;;;;;;;;;;;;;
;;;;;;;軃;軕;軖;軗;埭;堀;堞;芊;芨;芄;苁;芩;芴;芡;芪;腼;;;;;;;;;;;;;;;;;;;;
;;;;;;;軔;堋;堍;埽;艽;艿;芏;芮;苋;苌;苴;苒;苘;茌;苻;霴;;;;;;;;;;;;;;;;;;;;
;;;;;;;軤;鼙;懿;艹;苣;芘;芷;茏;茇;苜;荜;茈;莒;茼;茴;靇;;;;;;;;;;;;;;;;;;;;
;;;;;;;馨;芰;苈;苊;茉;苷;苤;茜;荑;荛;茭;茺;茳;荦;荥;靜;;;;;;;;;;;;;;;;;;;;
;;;;;;;芾;苎;芤;苡;茕;苠;苕;荀;茗;荠;軯;軰;軱;軲;軳;鞆;;;;;;;;;;;;;;;;;;;;
;;;;;;;苄;茚;茆;茔;荇;荃;荟;軬;軭;軮;軿;輀;輁;輂;較;鞜;;;;;;;;;;;;;;;;;;;;
;;;;;;;茑;荞;茯;荏;軩;軪;軫;軼;軽;軾;輏;輐;輑;輒;輓;殳;;;;;;;;;;;;;;;;;;;;
;;;;;;;莛;軦;軧;軨;軹;軺;軻;輌;輍;輎;輟;輠;輡;輢;輣;炜;;;;;;;;;;;;;;;;;;;;
;;;;;;;軥;軶;軷;軸;載;輊;輋;輜;輝;輞;輮;輯;輰;輱;輲;煜;;;;;;;;;;;;;;;;;;;;
;;;;;;;軵;輆;輇;輈;輙;輚;輛;輫;輬;輭;輾;輿;轀;轁;轂;爝;;;;;;;;;;;;;;;;;;;;
;;;;;;;輅;輖;輗;輘;輨;輩;輪;輻;輼;輽;莳;莴;莠;莪;莓;祜;;;;;;;;;;;;;;;;;;;;
;;;;;;;輕;輥;輦;輧;輸;輹;輺;荮;莰;荸;莺;莼;菁;萁;菥;鞳;;;;;;;;;;;;;;;;;;;;
;;;;;;;輤;輵;輶;輷;荬;荪;荭;莘;莞;莨;菔;菟;萏;萃;菸;韄;;;;;;;;;;;;;;;;;;;;
;;;;;;;輴;荨;茛;荩;荽;莸;荻;萸;萑;萆;葳;蒇;蒈;葺;蒉;韔;;;;;;;;;;;;;;;;;;;;
;;;;;;;轄;荼;莶;莩;菽;菖;萜;葑;葚;葙;蓐;蓦;蒽;蓓;蓊;韽;;;;;;;;;;;;;;;;;;;;
;;;;;;;莅;萘;萋;菝;菰;菡;葜;葭;蓁;蓍;蔸;蓰;蔹;蔟;蔺;頍;;;;;;;;;;;;;;;;;;;;
;;;;;;;堇;菅;菀;萦;蒌;蒎;萱;蓣;蔌;甍;轏;轐;轑;轒;轓;懑;;;;;;;;;;;;;;;;;;;;
;;;;;;;菪;葆;葩;葶;蒴;蒗;蓥;轌;轍;轎;轟;轠;轡;轢;轣;砜;;;;;;;;;;;;;;;;;;;;
;;;;;;;萼;蓠;蒡;蒹;轉;轊;轋;轜;轝;轞;辥;辦;辧;辪;辬;硐;;;;;;;;;;;;;;;;;;;;
;;;;;;;蒺;轆;轇;轈;轙;轚;轛;辡;辢;辤;込;辿;迀;迃;迆;磉;;;;;;;;;;;;;;;;;;;;
;;;;;;;轅;轖;轗;轘;辒;辝;辠;辸;辺;辻;迠;迡;迣;迧;迬;盹;;;;;;;;;;;;;;;;;;;;
;;;;;;;轕;轪;辀;辌;辴;辵;辷;迖;迗;迚;逇;逈;逌;逎;逓;頞;;;;;;;;;;;;;;;;;;;;
;;;;;;;轥;辯;農;辳;迍;迏;迒;迼;迾;迿;蕺;瞢;蕃;蕲;蕻;頮;;;;;;;;;;;;;;;;;;;;
;;;;;;;辮;迊;迋;迌;迶;迺;迻;蕨;蕤;蕞;藓;藁;藜;藿;蘧;頾;;;;;;;;;;;;;;;;;;;;
;;;;;;;迉;迲;迴;迵;蓼;蕙;蕈;薹;薷;薰;奘;匏;尢;尥;尬;顝;;;;;;;;;;;;;;;;;;;;
;;;;;;;迱;蕖;蔻;蓿;薮;薜;薅;耷;奕;奚;挹;捋;捃;掭;揶;顭;;;;;;;;;;;;;;;;;;;;
;;;;;;;逘;薇;薏;蕹;弈;夼;奁;拮;挢;拶;揸;揠;揿;揄;揞;畀;;;;;;;;;;;;;;;;;;;;
;;;;;;;薨;蘖;蘼;廾;拊;拚;拗;掮;掼;揲;搡;摞;撄;摭;撖;羁;;;;;;;;;;;;;;;;;;;;
;;;;;;;蘩;扪;抟;抻;掬;掊;捩;搠;搌;搦;逬;逰;週;進;逳;钕;;;;;;;;;;;;;;;;;;;;
;;;;;;;扌;掎;掴;捭;摁;搋;搛;逩;逪;逫;遉;遊;運;遌;過;钸;;;;;;;;;;;;;;;;;;;;
;;;;;;;捺;揆;掾;摅;逥;逧;逨;遅;遆;遈;遤;遦;遧;適;遪;铒;;;;;;;;;;;;;;;;;;;;
;;;;;;;摒;逜;連;逤;逿;遀;遃;遟;遠;遡;遺;遻;遼;遾;邁;颫;;;;;;;;;;;;;;;;;;;;
;;;;;;;這;逹;逺;逽;遜;遝;遞;遷;選;遹;邐;邒;邔;邖;邘;颻;;;;;;;;;;;;;;;;;;;;
;;;;;;;逷;遖;遙;遚;遲;遳;遶;邍;邎;邏;邭;邲;邷;邼;邽;飋;;;;;;;;;;;;;;;;;;;;
;;;;;;;違;遯;遰;遱;邉;邊;邌;邨;邩;邫;擢;攉;攥;攮;弋;飶;;;;;;;;;;;;;;;;;;;;
;;;;;;;遬;邅;邆;邇;邤;邥;邧;擐;擗;擤;吆;呋;呒;呓;呔;餆;;;;;;;;;;;;;;;;;;;;
;;;;;;;還;邞;邟;邠;撙;撺;擀;叻;吒;吖;呤;咚;咛;咄;呶;锆;;;;;;;;;;;;;;;;;;;;
;;;;;;;邜;摺;撷;撸;叽;叩;叨;咔;呷;呱;呲;咣;哕;咻;咿;锟;;;;;;;;;;;;;;;;;;;;
;;;;;;;郀;弑;卟;叱;吣;吲;咂;咦;哓;哔;哧;唠;哽;唔;哳;锵;;;;;;;;;;;;;;;;;;;;
;;;;;;;甙;吡;呗;呙;咴;哒;咧;哏;哞;唛;啁;啕;唿;啐;唼;镞;;;;;;;;;;;;;;;;;;;;
;;;;;;;呃;哐;咭;哂;咪;咤;哝;喵;啉;啭;郕;郖;郘;郙;郚;镲;;;;;;;;;;;;;;;;;;;;
;;;;;;;咝;哚;哜;咩;唪;啧;喏;郍;郒;郔;郱;郲;郳;郵;郶;餙;;;;;;;;;;;;;;;;;;;;
;;;;;;;哙;唏;唑;唧;郉;郋;郌;郬;郮;郰;鄇;鄈;鄉;鄊;鄋;餩;;;;;;;;;;;;;;;;;;;;
;;;;;;;唣;郃;郆;郈;郥;郩;郪;鄃;鄅;鄆;鄗;鄘;鄚;鄛;鄜;餺;;;;;;;;;;;;;;;;;;;;
;;;;;;;郂;郠;郣;郤;郿;鄀;鄁;鄔;鄕;鄖;鄪;鄫;鄬;鄭;鄮;饛;;;;;;;;;;;;;;;;;;;;
;;;;;;;郟;郺;郻;郼;鄑;鄒;鄓;鄧;鄨;鄩;鄽;鄾;鄿;酀;酁;馃;;;;;;;;;;;;;;;;;;;;
;;;;;;;郹;鄎;鄏;鄐;鄤;鄥;鄦;鄺;鄻;鄼;嗒;喃;喱;喹;喈;鸠;;;;;;;;;;;;;;;;;;;;
;;;;;;;鄍;鄟;鄠;鄡;鄶;鄷;鄸;唰;啜;喋;嗪;嗷;嗉;嘟;嗑;鹂;;;;;;;;;;;;;;;;;;;;
;;;;;;;鄝;鄳;鄴;鄵;啶;啷;唳;喾;喔;喙;嗍;嗨;嗵;嗤;辔;鹣;;;;;;;;;;;;;;;;;;;;
;;;;;;;鄲;唷;啖;啵;啻;嗟;喽;嗲;嗳;嗌;嘹;噗;嘬;噍;噢;疬;;;;;;;;;;;;;;;;;;;;
;;;;;;;酄;啾;嗖;喑;嗄;嗯;嗥;嘧;嘭;噘;嚓;嚯;囔;囗;囝;痫;;;;;;;;;;;;;;;;;;;;
;;;;;;;喟;嗔;嗦;嗝;嘣;嗾;嘀;噻;噼;嚅;帔;帑;帱;帻;帼;馩;;;;;;;;;;;;;;;;;;;;
;;;;;;;嗬;嘌;嘁;嘤;噤;噱;噫;圜;帏;帙;酛;酜;酟;酠;酦;馹;;;;;;;;;;;;;;;;;;;;
;;;;;;;嘈;噌;噔;嚆;圄;圊;圉;酖;酘;酙;醃;醄;醆;醈;醊;駉;;;;;;;;;;;;;;;;;;;;
;;;;;;;噜;囫;囹;囿;酓;酔;酕;醀;醁;醂;醞;醟;醠;醡;醤;駨;;;;;;;;;;;;;;;;;;;;
;;;;;;;囵;酇;酈;酑;酺;酻;酼;醙;醜;醝;醶;醷;醸;醹;醻;駸;;;;;;;;;;;;;;;;;;;;
;;;;;;;酅;酫;酭;酳;醖;醗;醘;醱;醲;醳;釆;釈;釋;釐;釒;癔;;;;;;;;;;;;;;;;;;;;
;;;;;;;酨;醓;醔;醕;醫;醬;醰;釃;釄;釅;釟;釠;釡;釢;釣;窨;;;;;;;;;;;;;;;;;;;;
;;;;;;;醏;醧;醨;醩;釀;釁;釂;釛;針;釞;岐;岖;岈;岘;岙;裣;;;;;;;;;;;;;;;;;;;;
;;;;;;;醦;醽;醾;醿;釘;釙;釚;岌;屺;岍;岷;峄;峒;峤;峋;襁;;;;;;;;;;;;;;;;;;;;
;;;;;;;醼;釕;釖;釗;幛;幞;幡;岱;岣;峁;崾;崴;崽;嵬;嵛;耧;;;;;;;;;;;;;;;;;;;;
;;;;;;;釔;帷;幄;幔;岽;岬;岫;崆;崛;嵘;嶷;巅;彳;彷;徂;騉;;;;;;;;;;;;;;;;;;;;
;;;;;;;釥;岜;岵;岢;崮;崤;崞;嶙;嶝;豳;彡;犭;犰;犴;犷;騙;;;;;;;;;;;;;;;;;;;;
;;;;;;;岚;崃;崧;崦;嵩;嵴;嶂;徵;徼;衢;狷;猁;狳;猃;狺;騩;;;;;;;;;;;;;;;;;;;;
;;;;;;;崂;嵫;嵋;嵊;徜;徨;徭;狩;狲;狴;釰;釱;釲;釳;釴;驈;;;;;;;;;;;;;;;;;;;;
;;;;;;;嵝;後;徕;徙;狒;狨;狯;釭;釮;釯;鈀;鈁;鈂;鈃;鈄;驘;;;;;;;;;;;;;;;;;;;;
;;;;;;;徉;狁;狎;狍;釪;釫;釬;釽;釾;釿;鈐;鈑;鈒;鈓;鈔;虔;;;;;;;;;;;;;;;;;;;;
;;;;;;;狃;釧;釨;釩;釺;釻;釼;鈍;鈎;鈏;鈠;鈡;鈢;鈣;鈤;蚩;;;;;;;;;;;;;;;;;;;;
;;;;;;;釦;釷;釸;釹;鈊;鈋;鈌;鈝;鈞;鈟;鈯;鈰;鈱;鈲;鈳;蛳;;;;;;;;;;;;;;;;;;;;
;;;;;;;釶;鈇;鈈;鈉;鈚;鈛;鈜;鈬;鈭;鈮;鈿;鉀;鉁;鉂;鉃;蜻;;;;;;;;;;;;;;;;;;;;
;;;;;;;鈆;鈗;鈘;鈙;鈩;鈪;鈫;鈼;鈽;鈾;猹;猥;猬;猸;猱;蝻;;;;;;;;;;;;;;;;;;;;
;;;;;;;鈖;鈦;鈧;鈨;鈹;鈺;鈻;猝;猕;猢;夂;饣;饧;饨;饩;驩;;;;;;;;;;;;;;;;;;;;
;;;;;;;鈥;鈶;鈷;鈸;猡;猊;猞;夥;飧;夤;馐;馑;馓;馔;馕;骭;;;;;;;;;;;;;;;;;;;;
;;;;;;;鈵;狻;猗;猓;獯;獾;舛;馇;馊;馍;廒;廑;廛;廨;廪;髈;;;;;;;;;;;;;;;;;;;;
;;;;;;;鉅;獗;獠;獬;饽;馀;馄;庾;庳;赓;怅;怆;忪;忭;忸;髲;;;;;;;;;;;;;;;;;;;;
;;;;;;;獍;饬;饴;饷;庠;庹;庵;忡;忤;忾;恸;恹;恻;恺;恂;鬅;;;;;;;;;;;;;;;;;;;;
;;;;;;;饫;庋;庖;庥;怃;忮;怄;怊;怿;怡;鉐;鉑;鉒;鉓;鉔;蟑;;;;;;;;;;;;;;;;;;;;
;;;;;;;庑;忉;忖;忏;怍;怩;怫;鉍;鉎;鉏;鉠;鉡;鉢;鉣;鉤;罂;;;;;;;;;;;;;;;;;;;;
;;;;;;;忄;怦;怛;怏;鉊;鉋;鉌;鉝;鉞;鉟;鉰;鉱;鉲;鉳;鉵;笙;;;;;;;;;;;;;;;;;;;;
;;;;;;;怵;鉇;鉈;鉉;鉚;鉛;鉜;鉭;鉮;鉯;銁;銂;銃;銄;銅;筮;;;;;;;;;;;;;;;;;;;;
;;;;;;;鉆;鉗;鉘;鉙;鉪;鉫;鉬;鉾;鉿;銀;銑;銒;銓;銔;銕;箫;;;;;;;;;;;;;;;;;;;;
;;;;;;;鉖;鉧;鉨;鉩;鉻;鉼;鉽;銍;銏;銐;銡;銢;銣;銤;銥;鬙;;;;;;;;;;;;;;;;;;;;
;;;;;;;鉦;鉸;鉹;鉺;銊;銋;銌;銞;銟;銠;悛;惬;悻;悱;惝;鬫;;;;;;;;;;;;;;;;;;;;
;;;;;;;鉷;銇;銈;銉;銛;銜;銝;悃;悒;悌;愫;慊;慵;憬;憔;鬿;;;;;;;;;;;;;;;;;;;;
;;;;;;;銆;銘;銙;銚;悚;悭;悝;惴;愀;愎;闶;闼;闾;阃;阄;魪;;;;;;;;;;;;;;;;;;;;
;;;;;;;銗;恪;恽;悖;愦;愕;愣;闱;闳;闵;阙;阚;丬;爿;戕;魺;;;;;;;;;;;;;;;;;;;;
;;;;;;;銧;惚;悴;愠;隳;闩;闫;阕;阖;阗;汴;汶;沆;沩;泐;舣;;;;;;;;;;;;;;;;;;;;
;;;;;;;惆;懔;懵;忝;阍;阏;阒;沌;汨;汩;泮;沱;泓;泯;泾;艨;;;;;;;;;;;;;;;;;;;;
;;;;;;;憷;阊;阋;阌;沅;沐;沔;泖;泺;泫;銳;銴;銵;銶;銷;粝;;;;;;;;;;;;;;;;;;;;
;;;;;;;阈;汜;汊;沣;泗;沲;泠;銰;銱;銲;鋃;鋄;鋅;鋆;鋇;暨;;;;;;;;;;;;;;;;;;;;
;;;;;;;汔;泷;泸;泱;銬;銭;銯;鋀;鋁;鋂;鋔;鋕;鋖;鋗;鋘;麸;;;;;;;;;;;;;;;;;;;;
;;;;;;;沭;銩;銪;銫;銽;銾;銿;鋑;鋒;鋓;鋤;鋥;鋦;鋧;鋨;鮋;;;;;;;;;;;;;;;;;;;;
;;;;;;;銨;銺;銻;銼;鋎;鋏;鋐;鋡;鋢;鋣;鋳;鋴;鋵;鋶;鋷;鮛;;;;;;;;;;;;;;;;;;;;
;;;;;;;銹;鋋;鋌;鋍;鋞;鋟;鋠;鋰;鋱;鋲;錃;錄;錅;錆;錇;鮫;;;;;;;;;;;;;;;;;;;;
;;;;;;;鋊;鋛;鋜;鋝;鋭;鋮;鋯;錀;錁;錂;洫;浍;洮;洵;洚;鯊;;;;;;;;;;;;;;;;;;;;
;;;;;;;鋚;鋪;鋫;鋬;鋽;鋾;鋿;洄;洙;洎;浜;浠;浼;浣;渚;鯚;;;;;;;;;;;;;;;;;;;;
;;;;;;;鋩;鋺;鋻;鋼;浃;浈;洇;浞;涓;涔;涫;渌;涮;渫;湮;醑;;;;;;;;;;;;;;;;;;;;
;;;;;;;鋹;洹;洧;洌;浯;涞;涠;淝;淙;渖;溱;溘;滠;漭;滢;蹩;;;;;;;;;;;;;;;;;;;;
;;;;;;;錉;浔;洳;涑;淠;渑;淦;渥;湄;滟;潢;潆;潇;漤;漕;跸;;;;;;;;;;;;;;;;;;;;
;;;;;;;浒;淞;渎;涿;湓;湔;渲;溏;滂;溟;潸;潲;潼;潺;濑;踹;;;;;;;;;;;;;;;;;;;;
;;;;;;;淅;溲;湟;溆;滗;溴;滏;澉;澍;澌;錔;錕;錖;錗;錘;躏;;;;;;;;;;;;;;;;;;;;
;;;;;;;湫;溽;溻;溷;漪;漉;漩;錑;錒;錓;錤;錥;錦;錧;錨;鯫;;;;;;;;;;;;;;;;;;;;
;;;;;;;溧;漶;潋;潴;錎;錏;錐;錡;錢;錣;錴;錵;錶;錷;錸;鯻;;;;;;;;;;;;;;;;;;;;
;;;;;;;漯;錋;錌;錍;錞;錟;錠;錱;録;錳;鍅;鍆;鍇;鍈;鍉;鰋;;;;;;;;;;;;;;;;;;;;
;;;;;;;錊;錛;錜;錝;錮;錯;錰;鍂;鍃;鍄;鍔;鍕;鍖;鍗;鍘;鰪;;;;;;;;;;;;;;;;;;;;
;;;;;;;錚;錫;錬;錭;錿;鍀;鍁;鍑;鍒;鍓;鍤;鍥;鍦;鍧;鍨;鰺;;;;;;;;;;;;;;;;;;;;
;;;;;;;錪;錻;錼;錽;鍎;鍏;鍐;鍡;鍢;鍣;濯;瀚;瀣;瀛;瀹;霪;;;;;;;;;;;;;;;;;;;;
;;;;;;;錺;鍋;鍌;鍍;鍞;鍟;鍠;濮;濞;濠;搴;寤;寮;褰;寰;隹;;;;;;;;;;;;;;;;;;;;
;;;;;;;鍊;鍛;鍜;鍝;澶;濂;濡;宸;甯;骞;迨;逅;逄;逋;逦;鱿;;;;;;;;;;;;;;;;;;;;
;;;;;;;鍚;濉;澧;澹;宕;宓;宥;迩;迦;迳;遐;遨;遘;遢;遛;鲞;;;;;;;;;;;;;;;;;;;;
;;;;;;;鍫;灞;宀;宄;迥;迮;迤;遄;遑;遒;尻;咫;屐;屙;孱;鲲;;;;;;;;;;;;;;;;;;;;
;;;;;;;灏;辶;迓;迕;逶;逭;逯;彗;彖;彘;妃;妍;妩;妪;妣;鱋;;;;;;;;;;;;;;;;;;;;
;;;;;;;謇;逖;逡;逵;邃;邋;彐;鬻;屮;妁;鍶;鍷;鍸;鍹;鍺;鱛;;;;;;;;;;;;;;;;;;;;
;;;;;;;逍;遽;邂;邈;弭;艴;弼;鍳;鍴;鍵;鎆;鎇;鎈;鎉;鎊;鱫;;;;;;;;;;;;;;;;;;;;
;;;;;;;遴;羼;弪;弩;鍰;鍱;鍲;鎃;鎄;鎅;鎗;鎘;鎙;鎚;鎛;鲝;;;;;;;;;;;;;;;;;;;;
;;;;;;;屦;鍭;鍮;鍯;鎀;鎁;鎂;鎔;鎕;鎖;鎧;鎨;鎩;鎪;鎫;鳠;;;;;;;;;;;;;;;;;;;;
;;;;;;;鍬;鍽;鍾;鍿;鎑;鎒;鎓;鎤;鎥;鎦;鎶;鎷;鎸;鎹;鎺;鳢;;;;;;;;;;;;;;;;;;;;
;;;;;;;鍼;鎍;鎎;鎐;鎡;鎢;鎣;鎳;鎴;鎵;鏆;鏇;鏈;鏉;鏋;骺;;;;;;;;;;;;;;;;;;;;
;;;;;;;鎌;鎞;鎟;鎠;鎰;鎱;鎲;鏃;鏄;鏅;妾;娅;娆;姝;娈;飨;;;;;;;;;;;;;;;;;;;;
;;;;;;;鎝;鎭;鎮;鎯;鏀;鏁;鏂;妲;妯;姗;婧;婊;婕;娼;婢;鬟;;;;;;;;;;;;;;;;;;;;
;;;;;;;鎬;鎽;鎾;鎿;妞;妤;姒;娣;娓;婀;媸;嫠;嫣;嫱;嫖;黠;;;;;;;;;;;;;;;;;;;;
;;;;;;;鎼;妗;姊;妫;娲;娴;娑;媲;嫒;嫔;孚;孥;孳;孑;孓;鳲;;;;;;;;;;;;;;;;;;;;
;;;;;;;鏍;姹;娌;娉;婺;媾;嫫;孀;尕;尜;骊;骐;骒;骓;骖;鴂;;;;;;;;;;;;;;;;;;;;
;;;;;;;姘;媪;媛;婷;嬖;嬲;嬷;骁;骅;骈;纡;纣;纥;纨;纩;鴒;;;;;;;;;;;;;;;;;;;;
;;;;;;;胬;嫜;嬉;嬗;驿;驽;骀;骥;骧;纟;鏙;鏚;鏛;鏜;鏝;鵂;;;;;;;;;;;;;;;;;;;;
;;;;;;;嫘;驷;驸;驺;骠;骢;骣;鏕;鏗;鏘;鏩;鏪;鏫;鏬;鏭;鴱;;;;;;;;;;;;;;;;;;;;
;;;;;;;驵;骜;骝;骟;鏒;鏓;鏔;鏦;鏧;鏨;鏹;鏺;鏻;鏼;鏽;鵁;;;;;;;;;;;;;;;;;;;;
;;;;;;;骛;鏏;鏐;鏑;鏣;鏤;鏥;鏶;鏷;鏸;鐉;鐊;鐋;鐌;鐍;鵒;;;;;;;;;;;;;;;;;;;;
;;;;;;;鏎;鏠;鏡;鏢;鏳;鏴;鏵;鐆;鐇;鐈;鐘;鐙;鐚;鐛;鐜;鵢;;;;;;;;;;;;;;;;;;;;
;;;;;;;鏟;鏰;鏱;鏲;鐃;鐄;鐅;鐕;鐖;鐗;鐨;鐩;鐪;鐫;鐬;鵲;;;;;;;;;;;;;;;;;;;;
;;;;;;;鏯;鐀;鐁;鐂;鐒;鐓;鐔;鐥;鐦;鐧;绐;绔;绗;绛;绠;鶢;;;;;;;;;;;;;;;;;;;;
;;;;;;;鏿;鐏;鐐;鐑;鐢;鐣;鐤;绉;绋;绌;绾;缁;缂;缃;缇;鶑;;;;;;;;;;;;;;;;;;;;
;;;;;;;鐎;鐟;鐠;鐡;绀;绁;绂;绶;绺;绻;缡;缢;缣;缤;缥;鶡;;;;;;;;;;;;;;;;;;;;
;;;;;;;鐞;纭;纰;纾;绱;绲;缍;缜;缛;缟;缵;幺;畿;巛;甾;鶲;;;;;;;;;;;;;;;;;;;;
;;;;;;;鐮;绫;绮;绯;缒;缗;缙;缱;缲;缳;珀;珉;珈;珥;珙;鷂;;;;;;;;;;;;;;;;;;;;
;;;;;;;绨;缌;缏;缑;缭;缯;缰;珑;玷;玳;琥;琨;琰;琮;琬;鷒;;;;;;;;;;;;;;;;;;;;
;;;;;;;缋;缪;缫;缬;玟;珏;珂;琪;瑛;琦;鐹;鐺;鐻;鐼;鐽;鸂;;;;;;;;;;;;;;;;;;;;
;;;;;;;缧;玑;玮;玢;玺;珲;琏;鐶;鐷;鐸;鑊;鑋;鑌;鑍;鑎;鷱;;;;;;;;;;;;;;;;;;;;
;;;;;;;玎;珩;珧;珞;鐳;鐴;鐵;鑇;鑈;鑉;鑚;鑛;鑜;鑝;鑞;鸁;;;;;;;;;;;;;;;;;;;;
;;;;;;;琊;鐰;鐱;鐲;鑄;鑅;鑆;鑗;鑘;鑙;鑪;鑬;鑭;鑮;鑯;鸒;;;;;;;;;;;;;;;;;;;;
;;;;;;;鐯;鑁;鑂;鑃;鑔;鑕;鑖;鑧;鑨;鑩;鑺;鑻;鑼;鑽;鑾;鸰;;;;;;;;;;;;;;;;;;;;
;;;;;;;鑀;鑑;鑒;鑓;鑤;鑥;鑦;鑷;鑸;鑹;铓;铔;铚;铦;铻;鹢;;;;;;;;;;;;;;;;;;;;
;;;;;;;鑐;鑡;鑢;鑣;鑴;鑵;鑶;钘;铇;铏;瑾;璜;璎;璀;璁;麪;;;;;;;;;;;;;;;;;;;;
;;;;;;;鑠;鑱;鑲;鑳;钄;钑;钖;瑙;瑷;瑭;韬;杌;杓;杞;杈;麖;;;;;;;;;;;;;;;;;;;;
;;;;;;;鑰;钁;钂;钃;瑜;瑗;瑕;璺;韪;韫;枋;杷;杼;柰;栉;麩;;;;;;;;;;;;;;;;;;;;
;;;;;;;钀;琛;琚;瑁;璐;璧;瓒;枨;枞;枭;柃;枸;柢;栎;柁;麿;;;;;;;;;;;;;;;;;;;;
;;;;;;;锠;璞;璨;璩;枘;枧;杵;枳;柝;栀;桕;桦;桁;桧;桀;黖;;;;;;;;;;;;;;;;;;;;
;;;;;;;璋;枇;杪;杳;柙;枵;柚;桤;梃;栝;楮;棼;椟;椠;棹;黲;;;;;;;;;;;;;;;;;;;;
;;;;;;;枥;柩;枰;栌;桎;桢;桄;梓;桫;棂;镴;镵;長;镸;镹;鼱;;;;;;;;;;;;;;;;;;;;
;;;;;;;栊;栳;桠;桡;梏;桴;桷;镚;镠;镮;閆;閇;閈;閉;閊;鼜;;;;;;;;;;;;;;;;;;;;
;;;;;;;栲;桉;栩;梵;镈;镋;镕;閃;閄;閅;閖;閗;閘;閙;閚;鼰;;;;;;;;;;;;;;;;;;;;
;;;;;;;桊;锳;锽;镃;門;閁;閂;間;閔;閕;閦;閧;閨;閩;閪;齇;;;;;;;;;;;;;;;;;;;;
;;;;;;;锧;镼;镽;镾;閐;閑;閒;閣;閤;閥;閵;閶;閷;閸;閹;齙;;;;;;;;;;;;;;;;;;;;
;;;;;;;镻;閍;閎;閏;閠;閡;関;閲;閳;閴;闅;闆;闇;闈;闉;齩;;;;;;;;;;;;;;;;;;;;
;;;;;;;閌;閝;閞;閟;閯;閰;閱;闂;闃;闄;楠;楂;楝;榄;楫;龔;;;;;;;;;;;;;;;;;;;;
;;;;;;;閜;閬;閭;閮;閿;闀;闁;椐;楱;椹;楹;榛;榧;榻;榫;裏;;;;;;;;;;;;;;;;;;;;
;;;;;;;閫;閼;閽;閾;椁;楗;棣;榉;楦;楣;槭;樗;樘;橥;槲;﨩;;;;;;;;;;;;;;;;;;;;
;;;;;;;閻;椤;棰;椋;榇;榈;槎;榍;槿;樯;橼;檑;檐;檩;檗;兀;;;;;;;;;;;;;;;;;;;;
;;;;;;;闋;楸;椴;槌;槟;榕;槠;樽;樨;橘;殛;殡;殪;轫;胛;轭;;;;;;;;;;;;;;;;;;;;
;;;;;;;榘;榱;槁;槊;樵;檎;橹;殓;殍;殚;辁;辂;辄;辇;朕;辋;;;;;;;;;;;;;;;;;;;;
;;;;;;;槔;檠;橐;橛;殇;殄;殒;轺;轼;轾;闖;闗;闘;闙;腩;闚;;;;;;;;;;;;;;;;;;;;
;;;;;;;樾;獒;殁;殂;轸;轷;轹;闓;闔;闕;闦;闧;闬;闿;膻;阇;;;;;;;;;;;;;;;;;;;;
;;;;;;;猷;轳;轵;轶;闐;闑;闒;闣;闤;闥;阩;阫;阬;阭;霳;阯;;;;;;;;;;;;;;;;;;;;
;;;;;;;轲;闍;闎;闏;闠;闡;闢;阦;阧;阨;陑;陒;陓;陖;靆;陗;;;;;;;;;;;;;;;;;;;;
;;;;;;;闌;闝;闞;闟;阣;阤;阥;陊;陎;陏;陫;陭;陮;陯;靚;陰;;;;;;;;;;;;;;;;;;;;
;;;;;;;關;阛;阞;阠;阾;陁;陃;陣;陥;陦;隁;隂;隃;隄;靱;隇;;;;;;;;;;;;;;;;;;;;
;;;;;;;阘;阸;阹;阺;陝;陞;陠;陾;陿;隀;戟;戢;戡;戥;鞄;戤;;;;;;;;;;;;;;;;;;;;
;;;;;;;阷;陙;陚;陜;陻;陼;陽;戋;戗;戛;旰;昊;昙;杲;鞛;昃;;;;;;;;;;;;;;;;;;;;
;;;;;;;陘;陸;陹;険;辘;辚;軎;攴;旮;旯;晔;晁;晏;晖;飚;晡;;;;;;;;;;;;;;;;;;;;
;;;;;;;陳;辍;辎;辏;甏;甑;甓;昵;耆;晟;贲;贳;贶;贻;炀;贽;;;;;;;;;;;;;;;;;;;;
;;;;;;;隊;瓯;瓴;瓿;昴;昱;昶;曜;曦;曩;觋;觌;觎;觏;煳;觐;;;;;;;;;;;;;;;;;;;;
;;;;;;;臧;炅;曷;昝;暝;暾;曛;赙;觇;觊;犏;犒;挈;挲;燹;掰;;;;;;;;;;;;;;;;;;;;
;;;;;;;昀;暄;暌;暧;赇;赍;赕;犄;犋;犍;隞;隟;隠;隡;祛;隢;;;;;;;;;;;;;;;;;;;;
;;;;;;;晷;赆;赈;赉;牯;牾;牿;隚;際;隝;隯;隱;隲;隴;忐;隵;;;;;;;;;;;;;;;;;;;;
;;;;;;;赅;犟;牝;牦;隓;隕;隖;隬;隭;隮;雑;雓;雔;雖;鞱;雗;;;;;;;;;;;;;;;;;;;;
;;;;;;;牮;階;隑;隒;隩;險;隫;雊;雋;雐;雤;雥;雦;雧;韃;雫;;;;;;;;;;;;;;;;;;;;
;;;;;;;隌;隥;隦;隨;雂;雃;雈;雡;離;難;電;雼;雽;雿;韓;霂;;;;;;;;;;;;;;;;;;;;
;;;;;;;隤;隺;隻;隿;雝;雞;雟;雵;雸;雺;霘;霙;霚;霛;韣;霝;;;;;;;;;;;;;;;;;;;;
;;;;;;;隸;雚;雛;雜;雱;雲;雴;霔;霕;霗;氇;氆;氍;氕;韼;氘;;;;;;;;;;;;;;;;;;;;
;;;;;;;雙;雭;雮;雰;霐;霑;霒;毵;毹;氅;牒;牖;爰;虢;頌;刖;;;;;;;;;;;;;;;;;;;;
;;;;;;;雬;霊;霋;霌;毪;毳;毽;敕;敫;牍;胧;胨;胩;硗;懋;胪;;;;;;;;;;;;;;;;;;;;
;;;;;;;霅;搿;擘;耄;氪;氲;攵;肭;肴;肷;脍;脎;胲;磔;砭;胼;;;;;;;;;;;;;;;;;;;;
;;;;;;;霠;氡;氩;氤;肽;肱;肫;胱;胴;胭;腙;腚;腱;眄;砦;腠;;;;;;;;;;;;;;;;;;;;
;;;;;;;氚;肓;肼;朊;朐;胝;胫;腌;腓;腴;膪;臌;朦;睚;磙;臊;;;;;;;;;;;;;;;;;;;;
;;;;;;;肜;胙;胍;胗;脘;脲;腈;膑;滕;膣;霬;霮;霯;頜;眍;霱;;;;;;;;;;;;;;;;;;;;
;;;;;;;胄;脶;脞;脬;媵;膈;膂;霨;霩;霫;靂;靃;靄;頬;睨;靅;;;;;;;;;;;;;;;;;;;;
;;;;;;;豚;腭;腧;塍;霥;霦;霧;霿;靀;靁;靔;靕;靗;頼;頝;靘;;;;;;;;;;;;;;;;;;;;
;;;;;;;腽;霢;霣;霤;霻;霼;霽;靏;靐;靑;靭;靮;靯;題;頭;靰;;;;;;;;;;;;;;;;;;;;
;;;;;;;霡;霶;霷;霺;靌;靍;靎;靪;靫;靬;鞀;鞁;鞂;顛;頽;鞃;;;;;;;;;;;;;;;;;;;;
;;;;;;;霵;靉;靊;靋;靦;靧;靨;靽;靾;靿;鞖;鞗;鞙;顫;額;鞚;;;;;;;;;;;;;;;;;;;;
;;;;;;;靈;靟;靣;靤;靹;靺;靻;鞐;鞓;鞕;飒;飓;飕;瞽;顜;飙;;;;;;;;;;;;;;;;;;;;
;;;;;;;靝;靵;靷;靸;鞌;鞎;鞏;歆;歙;飑;旌;旎;旒;罱;顬;旖;;;;;;;;;;;;;;;;;;;;
;;;;;;;靲;鞈;鞉;鞊;欷;欹;歃;旆;旄;旃;焓;焖;焯;钔;町;焱;;;;;;;;;;;;;;;;;;;;
;;;;;;;鞇;臁;膦;欤;齑;斓;於;烨;烊;焐;熠;燠;燔;钶;罹;燧;;;;;;;;;;;;;;;;;;;;
;;;;;;;鞝;毂;觳;斐;炷;炫;炱;熳;熵;熨;礻;祀;祆;铐;钗;祉;;;;;;;;;;;;;;;;;;;;
;;;;;;;彀;炝;炻;烀;煸;煺;熘;扃;扈;扉;禚;禧;禳;铨;钷;忑;;;;;;;;;;;;;;;;;;;;
;;;;;;;炖;煅;煲;煊;熹;戾;戽;祺;禅;禊;鞪;鞬;鞮;颩;铑;鞰;;;;;;;;;;;;;;;;;;;;
;;;;;;;煨;灬;焘;煦;祠;祯;祧;鞧;鞨;鞩;鞿;韀;韁;颹;铪;韂;;;;;;;;;;;;;;;;;;;;
;;;;;;;爨;祚;祢;祗;鞤;鞥;鞦;鞼;鞽;鞾;韏;韐;韑;飉;颪;韒;;;;;;;;;;;;;;;;;;;;
;;;;;;;祓;鞟;鞡;鞢;鞹;鞺;鞻;韌;韍;韎;韟;韠;韡;飣;颺;韢;;;;;;;;;;;;;;;;;;;;
;;;;;;;鞞;鞶;鞷;鞸;韉;韊;韋;韜;韝;韞;韸;韹;韺;飴;飊;韻;;;;;;;;;;;;;;;;;;;;
;;;;;;;鞵;韆;韇;韈;韙;韚;韛;韲;韴;韷;須;頉;頊;餄;飤;頋;;;;;;;;;;;;;;;;;;;;
;;;;;;;韅;韖;韗;韘;韯;韰;韱;項;順;頇;愍;慝;憩;锃;飵;憝;;;;;;;;;;;;;;;;;;;;
;;;;;;;韕;韥;韨;韮;頂;頃;頄;恣;悫;愆;砗;砘;砑;锝;餅;斫;;;;;;;;;;;;;;;;;;;;
;;;;;;;韤;響;頀;頁;恧;恁;恙;矸;砀;砉;硎;硭;餖;锿;锂;硖;;;;;;;;;;;;;;;;;;;;
;;;;;;;韾;怼;恝;恚;泶;淼;矶;砬;砣;砩;碲;碹;餦;镙;锞;碥;;;;;;;;;;;;;;;;;;;;
;;;;;;;頎;肀;聿;沓;砟;砼;砥;碜;碡;碣;黻;黼;餷;镯;镂;盱;;;;;;;;;;;;;;;;;;;;
;;;;;;;戆;砹;砺;砻;碓;碚;碇;礴;龛;黹;睑;睇;饇;稞;镛;睃;;;;;;;;;;;;;;;;;;;;
;;;;;;;砝;硌;硪;碛;礓;礤;礞;眵;眸;睐;頙;頚;饘;餗;镱;頛;;;;;;;;;;;;;;;;;;;;
;;;;;;;硇;磲;礅;磴;眙;眭;眦;頖;頗;領;頩;頪;饻;餧;稔;頫;;;;;;;;;;;;;;;;;;;;
;;;;;;;磬;眈;眚;眢;頓;頔;頕;頦;頧;頨;頹;頺;瓞;餸;餘;頻;;;;;;;;;;;;;;;;;;;;
;;;;;;;眇;預;頑;頒;頣;頤;頥;頶;頷;頸;顉;顊;鸺;饈;館;顋;;;;;;;;;;;;;;;;;;;;
;;;;;;;頏;頠;頡;頢;頳;頴;頵;顆;顇;顈;願;顙;鹛;饙;餹;顚;;;;;;;;;;;;;;;;;;;;
;;;;;;;頟;頰;頱;頲;顃;顄;顅;顕;顖;顗;顨;顩;疖;饾;饉;顪;;;;;;;;;;;;;;;;;;;;
;;;;;;;頯;顀;顁;顂;顒;顓;顔;顥;顦;顧;瞠;瞰;痨;瓠;饚;瞵;;;;;;;;;;;;;;;;;;;;
;;;;;;;頿;顏;顐;顑;顢;顣;顤;瞌;瞑;瞟;詈;罨;瘘;鸾;馂;罴;;;;;;;;;;;;;;;;;;;;
;;;;;;;顎;顟;顠;顡;瞍;睽;瞀;罘;罡;罟;钍;钏;馤;鹜;甬;钐;;;;;;;;;;;;;;;;;;;;
;;;;;;;類;睢;睥;睿;畲;畹;疃;钋;钊;钌;钰;钲;馶;疠;鹁;钴;;;;;;;;;;;;;;;;;;;;
;;;;;;;顮;畋;畈;畛;钅;钆;钇;钭;钬;钯;铌;铍;駆;痦;鹞;铎;;;;;;;;;;;;;;;;;;;;
;;;;;;;畎;盍;盥;蠲;钤;钫;钪;铉;铊;铋;铤;铥;駖;瘕;疝;铧;;;;;;;;;;;;;;;;;;;;
;;;;;;;罾;钛;钜;钣;钿;铄;铈;铟;铠;铢;颙;颣;駥;馦;痤;風;;;;;;;;;;;;;;;;;;;;
;;;;;;;钚;钺;钼;钽;铘;铛;铞;颎;颒;颕;颶;颷;駵;馷;瘙;颸;;;;;;;;;;;;;;;;;;;;
;;;;;;;钹;铖;铗;铙;顳;顴;颋;颳;颴;颵;飆;飇;瘳;駇;馧;飈;;;;;;;;;;;;;;;;;;;;
;;;;;;;铕;顰;顱;顲;颰;颱;颲;飃;飄;飅;飠;飡;窦;駗;馸;飢;;;;;;;;;;;;;;;;;;;;
;;;;;;;顯;颭;颮;颯;飀;飁;飂;飛;飜;飝;飱;飲;裉;駦;駈;飳;;;;;;;;;;;;;;;;;;;;
;;;;;;;颬;颽;颾;颿;飔;飖;飗;飮;飯;飰;餁;餂;褴;駶;駘;餃;;;;;;;;;;;;;;;;;;;;
;;;;;;;颼;飍;飏;飐;飫;飬;飭;飾;飿;餀;铼;铽;耢;癍;駧;铿;;;;;;;;;;;;;;;;;;;;
;;;;;;;飌;飦;飩;飪;飻;飼;飽;铵;铷;铹;锖;锘;顸;窠;駷;锛;;;;;;;;;;;;;;;;;;;;
;;;;;;;飥;飸;飹;飺;铯;铳;铴;锓;锔;锕;锸;锼;騆;裢;癞;锾;;;;;;;;;;;;;;;;;;;;
;;;;;;;飷;铩;铫;铮;锎;锏;锒;锴;锶;锷;镖;镗;騖;褫;窬;镘;;;;;;;;;;;;;;;;;;;;
;;;;;;;餇;锉;锊;锍;锬;锱;锲;镒;镓;镔;镪;镫;騦;耥;裎;镬;;;;;;;;;;;;;;;;;;;;
;;;;;;;锇;锪;锫;锩;镌;镎;镏;镧;镨;镩;嵇;稃;騶;颀;褶;稂;;;;;;;;;;;;;;;;;;;;
;;;;;;;锢;镅;镆;镉;镤;镥;镦;秣;秫;稆;餔;騕;驅;騇;耦;餕;;;;;;;;;;;;;;;;;;;;
;;;;;;;镄;镝;镡;镢;雉;秕;秭;餑;餒;餓;餤;騥;驕;騗;颃;餥;;;;;;;;;;;;;;;;;;;;
;;;;;;;镟;锺;矧;矬;餌;餎;餏;餡;餢;餣;餵;騵;颥;騧;騈;餶;;;;;;;;;;;;;;;;;;;;
;;;;;;;镳;餉;養;餋;餞;餟;餠;餲;餳;餴;饅;驄;蚣;騷;騘;饆;;;;;;;;;;;;;;;;;;;;
;;;;;;;餈;餛;餜;餝;餯;餰;餱;饂;饃;饄;饖;驔;蛱;驆;騨;饗;;;;;;;;;;;;;;;;;;;;
;;;;;;;餚;餫;餬;餭;餿;饀;饁;饑;饒;饓;饸;颢;蜍;驖;騸;饹;;;;;;;;;;;;;;;;;;;;
;;;;;;;餪;餼;餽;餾;饎;饏;饐;饤;饦;饳;皙;蚧;蜢;颦;驇;皤;;;;;;;;;;;;;;;;;;;;
;;;;;;;餻;饋;饌;饍;饠;饡;饢;皈;皎;皓;鸷;蛩;螯;蚪;驗;鸹;;;;;;;;;;;;;;;;;;;;
;;;;;;;饊;饝;饞;饟;黏;馥;穰;鸱;鸶;鸸;鹗;蜊;驦;蛲;虍;鹚;;;;;;;;;;;;;;;;;;;;
;;;;;;;饜;稹;稷;穑;鸫;鸬;鸲;鹎;鹑;鹕;疒;螂;骪;蜉;蚓;疔;;;;;;;;;;;;;;;;;;;;
;;;;;;;馉;鸨;鸩;鸪;鹉;鹋;鹌;鹱;鹭;鹳;痍;螓;髄;蝽;蛭;痣;;;;;;;;;;;;;;;;;;;;
;;;;;;;鸢;鹆;鹇;鹈;鹪;鹫;鹬;痃;痂;痖;瘊;驥;髚;螨;蜣;瘥;;;;;;;;;;;;;;;;;;;;
;;;;;;;鹄;鹧;鹨;鹩;痄;疱;疰;瘅;瘌;瘗;馢;骩;髮;驧;蝾;馣;;;;;;;;;;;;;;;;;;;;
;;;;;;;鹦;疳;疴;疸;痿;瘐;瘀;馟;馠;馡;馴;髃;鬁;骫;蟒;馵;;;;;;;;;;;;;;;;;;;;
;;;;;;;疣;瘃;痱;痼;馜;馝;馞;馱;馲;馳;駄;髙;蟋;髆;驨;駅;;;;;;;;;;;;;;;;;;;;
;;;;;;;痧;馎;馚;馛;馮;馯;馰;駁;駂;駃;駔;髬;蠹;髛;骬;駕;;;;;;;;;;;;;;;;;;;;
;;;;;;;馌;馫;馬;馭;馾;馿;駀;駑;駒;駓;駣;鬀;筇;髰;髇;駤;;;;;;;;;;;;;;;;;;;;
;;;;;;;馪;馻;馼;馽;駎;駏;駐;駠;駡;駢;駳;螳;筌;鬂;髜;駴;;;;;;;;;;;;;;;;;;;;
;;;;;;;馺;駋;駌;駍;駝;駞;駟;駰;駱;駲;癃;蠡;箪;蟓;髱;瘾;;;;;;;;;;;;;;;;;;;;
;;;;;;;駊;駚;駛;駜;駭;駮;駯;瘰;瘿;瘵;窈;笏;簏;蠼;鬄;窕;;;;;;;;;;;;;;;;;;;;
;;;;;;;駙;駪;駫;駬;瘠;癀;瘭;穹;窀;窆;袷;筵;鬖;笸;螽;袼;;;;;;;;;;;;;;;;;;;;
;;;;;;;駩;瘛;瘼;瘢;翊;竦;穸;袂;袢;裆;褛;箅;鬨;筝;缶;褊;;;;;;;;;;;;;;;;;;;;
;;;;;;;駹;癖;癫;癯;衲;衽;衿;褡;褙;褓;耜;篼;鬺;箜;笪;耠;;;;;;;;;;;;;;;;;;;;
;;;;;;;癜;窳;衤;衩;裨;裾;裰;耒;耔;耖;聱;鬕;魘;簖;筠;覃;;;;;;;;;;;;;;;;;;;;
;;;;;;;窭;裱;褚;裼;皲;皴;矜;聍;聒;聩;騄;鬧;魧;鬗;箢;騅;;;;;;;;;;;;;;;;;;;;
;;;;;;;裥;襻;疋;胥;耵;聃;聆;騁;騂;騃;鬦;鬹;魷;鬩;簋;騔;;;;;;;;;;;;;;;;;;;;
;;;;;;;襦;耨;耱;耋;駾;駿;騀;騑;騒;験;鬸;魗;衄;鬽;鬘;騤;;;;;;;;;;;;;;;;;;;;
;;;;;;;耩;駻;駼;駽;騎;騏;騐;騡;騢;騣;魖;魦;艏;魙;鬪;騴;;;;;;;;;;;;;;;;;;;;
;;;;;;;駺;騋;騌;騍;騞;騟;騠;騱;騲;騳;魥;魶;籼;魨;鬾;驃;;;;;;;;;;;;;;;;;;;;
;;;;;;;騊;騛;騜;騝;騮;騯;騰;驀;驁;驂;魵;臬;糗;魸;魚;驓;;;;;;;;;;;;;;;;;;;;
;;;;;;;騚;騫;騬;騭;騽;騾;騿;驐;驑;驒;舄;艋;綮;舡;魩;颡;;;;;;;;;;;;;;;;;;;;
;;;;;;;騪;騺;騻;騼;驍;驎;驏;颛;颞;颟;艉;羲;酎;艚;魹;蚝;;;;;;;;;;;;;;;;;;;;
;;;;;;;騹;驊;驋;驌;颏;颔;颚;蚍;蚋;蚬;羰;糅;鮈;敉;舢;蚴;;;;;;;;;;;;;;;;;;;;
;;;;;;;驉;颉;颌;颍;虼;虻;蚨;蚯;蛉;蛏;糈;綦;鮘;糨;艟;蜈;;;;;;;;;;;;;;;;;;;;
;;;;;;;驙;虮;虿;虺;蚰;蚺;蚱;蜃;蜇;蛸;絷;酐;鮨;繇;粑;蜿;;;;;;;;;;;;;;;;;;;;
;;;;;;;虬;蛄;蚵;蛎;蛟;蛘;蛑;蜱;蜩;蜷;酊;鮇;鮸;酏;艮;蝥;;;;;;;;;;;;;;;;;;;;
;;;;;;;蚶;蜓;蛞;蛴;蜾;蝈;蜴;蝼;蝤;蝙;鮆;鮗;鯇;鮉;纛;驤;;;;;;;;;;;;;;;;;;;;
;;;;;;;蛐;蜥;蜮;蜚;螋;蝓;蝣;驡;驢;驣;鮖;鮧;鯗;鮙;酤;骦;;;;;;;;;;;;;;;;;;;;
;;;;;;;蜞;蝰;蝌;蝮;驞;驟;驠;骔;骕;骙;鮦;鮷;醅;鮩;鮊;骿;;;;;;;;;;;;;;;;;;;;
;;;;;;;蝠;驛;驜;驝;骉;骍;骎;骻;骽;骾;鮶;鯆;跫;鮹;鮚;髗;;;;;;;;;;;;;;;;;;;;
;;;;;;;驚;驫;驲;骃;骴;骵;骹;體;髕;髖;鯅;鯖;跆;鯈;鮪;髪;;;;;;;;;;;;;;;;;;;;
;;;;;;;驪;骯;骲;骳;髏;髐;髒;髧;髨;髩;鯕;醌;踯;鯘;鮺;髿;;;;;;;;;;;;;;;;;;;;
;;;;;;;骮;髊;髍;髎;髣;髤;髥;髼;髽;髾;酹;趸;蹯;醐;鯉;螵;;;;;;;;;;;;;;;;;;;;
;;;;;;;髉;髞;髠;髢;髷;髸;髺;螫;蟥;螬;鹾;跛;觞;踅;鯙;蠛;;;;;;;;;;;;;;;;;;;;
;;;;;;;髝;髴;髵;髶;螭;螗;螃;蠓;蟾;蠊;跏;踣;鯨;跬;醍;笫;;;;;;;;;;;;;;;;;;;;
;;;;;;;髳;蟆;螈;螅;蟠;蟮;蠖;笄;笕;笊;踮;蹼;鯸;踺;蹙;筅;;;;;;;;;;;;;;;;;;;;
;;;;;;;鬆;蟊;蟛;蟪;竽;笈;笃;笞;筘;筚;蹶;觖;鰈;蹴;跷;箨;;;;;;;;;;;;;;;;;;;;
;;;;;;;蟀;罅;舐;竺;笤;笳;笾;箸;箬;箝;斛;鯧;鰘;觚;蹀;篾;;;;;;;;;;;;;;;;;;;;
;;;;;;;罄;笱;笠;笥;箐;箦;箧;篦;篪;簌;鯦;鯷;鰧;鯩;躅;鬔;;;;;;;;;;;;;;;;;;;;
;;;;;;;笮;筢;筲;筱;篝;篚;篥;鬐;鬑;鰅;鯶;鰇;鰷;鯹;觜;鬒;;;;;;;;;;;;;;;;;;;;
;;;;;;;筻;篑;篁;篌;鬌;鬍;鬎;鬢;鬤;鰕;鰆;鰗;霈;鰉;鯪;鬥;;;;;;;;;;;;;;;;;;;;
;;;;;;;箴;鬉;鬊;鬋;鬞;鬠;鬡;鬵;鬶;鰤;鰖;鰦;黾;鰙;鯺;鬷;;;;;;;;;;;;;;;;;;;;
;;;;;;;鬇;鬛;鬜;鬝;鬱;鬳;鬴;魒;魓;鰴;鰥;鰶;鎏;鰨;鰊;魕;;;;;;;;;;;;;;;;;;;;
;;;;;;;鬚;鬭;鬮;鬰;魌;魎;魐;魢;魣;雯;鰵;霁;鲕;鰸;鰚;魤;;;;;;;;;;;;;;;;;;;;
;;;;;;;鬬;魆;魊;魋;魟;魠;魡;魲;魳;龉;霆;龌;鲮;霏;鰩;魴;;;;;;;;;;;;;;;;;;;;
;;;;;;;魀;魜;魝;魞;魯;魰;魱;臾;舁;錾;龊;鏊;鳇;鼋;鰹;舂;;;;;;;;;;;;;;;;;;;;
;;;;;;;魛;魬;魭;魮;簸;籁;籀;舴;舾;鲑;鍪;鲔;鱈;鐾;霎;艄;;;;;;;;;;;;;;;;;;;;
;;;;;;;魫;簟;簪;簦;舸;舻;舳;羟;羧;鲩;鲒;鲭;鱘;鲚;鼍;羯;;;;;;;;;;;;;;;;;;;;
;;;;;;;魻;舯;舨;舫;裟;襞;羝;糇;糌;鳄;鲫;鳆;鱨;鲰;鑫;糍;;;;;;;;;;;;;;;;;;;;
;;;;;;;舭;袅;袈;裘;粼;粽;糁;翮;翳;鱅;鳅;鱇;鱸;鳊;鲛;糸;;;;;;;;;;;;;;;;;;;;
;;;;;;;衾;粞;粢;粲;翡;翦;翩;赭;豇;鱕;鱆;鱗;鲗;鱉;鲱;豉;;;;;;;;;;;;;;;;;;;;
;;;;;;;粜;翎;翕;翥;趑;趱;赧;鮃;鮄;鱥;鱖;鱧;鳒;鱙;鳋;鮅;;;;;;;;;;;;;;;;;;;;
;;;;;;;羿;赳;趄;趔;鮀;鮁;鮂;鮓;鮔;鱵;鱦;鱷;鳜;鱩;鱊;鮕;;;;;;;;;;;;;;;;;;;;
;;;;;;;麴;魽;魾;魿;鮐;鮑;鮒;鮣;鮤;鲏;鱶;鲖;骷;鱹;鱚;鮥;;;;;;;;;;;;;;;;;;;;
;;;;;;;魼;鮍;鮎;鮏;鮠;鮡;鮢;鮳;鮴;鳈;鲓;鳑;魈;鲘;鱪;鮵;;;;;;;;;;;;;;;;;;;;
;;;;;;;鮌;鮝;鮞;鮟;鮰;鮱;鮲;鯂;鯃;鳗;鳉;鳙;鬈;鳚;鱺;鯄;;;;;;;;;;;;;;;;;;;;
;;;;;;;鮜;鮭;鮮;鮯;鮿;鯀;鯁;鯒;鯓;鞴;鳘;骰;黛;鳝;鲙;鯔;;;;;;;;;;;;;;;;;;;;
;;;;;;;鮬;鮼;鮽;鮾;鯏;鯐;鯑;酾;酲;魃;骱;魉;鼽;鹘;鳛;酴;;;;;;;;;;;;;;;;;;;;
;;;;;;;鮻;鯌;鯍;鯎;酩;酯;酽;醴;醺;髻;魇;髹;鳯;魍;鳟;豕;;;;;;;;;;;;;;;;;;;;
;;;;;;;鯋;酢;酡;酰;醮;醯;醵;跚;跞;鏖;髭;麟;鳿;鬏;骶;跎;;;;;;;;;;;;;;;;;;;;
;;;;;;;鯛;醣;醪;醭;跄;跖;跗;踝;踟;鼯;麝;鼷;鴏;黜;魑;踬;;;;;;;;;;;;;;;;;;;;
;;;;;;;醢;趿;趼;趺;踉;跽;踔;蹒;蹊;鳬;鼹;鳮;鴟;鼾;鬓;蹰;;;;;;;;;;;;;;;;;;;;
;;;;;;;趵;跹;跻;跤;蹁;蹂;蹑;貅;貘;鳼;鳭;鳾;鴮;鳰;黝;貔;;;;;;;;;;;;;;;;;;;;
;;;;;;;跣;踽;踱;蹉;豸;貂;貊;鯣;鯤;鴌;鳽;鴎;鴾;鴀;齄;鯥;;;;;;;;;;;;;;;;;;;;
;;;;;;;踵;躐;躜;躞;鯠;鯡;鯢;鯳;鯴;鴜;鴍;鴞;鵏;鴐;鳱;鯵;;;;;;;;;;;;;;;;;;;;
;;;;;;;躔;鯝;鯞;鯟;鯰;鯱;鯲;鰃;鴪;鴫;鴝;鴭;鵟;鴠;鴁;鰄;;;;;;;;;;;;;;;;;;;;
;;;;;;;鯜;鯭;鯮;鯯;鰀;鰁;鰂;鰓;鴺;鴻;鴬;鴽;鵯;鴯;鴑;鰔;;;;;;;;;;;;;;;;;;;;
;;;;;;;鯬;鯽;鯾;鯿;鰐;鰑;鰒;鰢;鵋;鵌;鴼;鵎;鵿;鴿;鴡;鰣;;;;;;;;;;;;;;;;;;;;
;;;;;;;鯼;鰍;鰎;鰏;鰟;鰠;鰡;鰲;鵛;鵜;鵍;鵞;鶎;鵐;鴰;鰳;;;;;;;;;;;;;;;;;;;;
;;;;;;;鰌;鰜;鰝;鰞;鰯;鰰;鰱;雩;鵫;鵬;鵝;鵮;鶞;鵠;鵀;雳;;;;;;;;;;;;;;;;;;;;
;;;;;;;鰛;鰬;鰭;鰮;訾;謦;靓;龇;鵻;鵼;鵭;鵾;鶯;鵰;鵑;龈;;;;;;;;;;;;;;;;;;;;
;;;;;;;鰫;觥;觫;觯;龃;龅;龆;銮;鶊;鶋;鵽;鶍;鶿;鶀;鵡;鋈;;;;;;;;;;;;;;;;;;;;
;;;;;;;鰻;霰;霾;龀;瞿;雠;銎;鲎;鶚;鶛;鶌;鶝;鷏;鶏;鵱;鲐;;;;;;;;;;;;;;;;;;;;
;;;;;;;霭;隽;雎;雒;鲈;稣;鲋;鲧;鶫;鶬;鶜;鶮;鷟;鶟;鶁;鲨;;;;;;;;;;;;;;;;;;;;
;;;;;;;隼;鲅;鲆;鲇;鲣;鲥;鲦;鲼;鶻;鶼;鶭;鶾;鷮;鶰;鶐;鲽;;;;;;;;;;;;;;;;;;;;
;;;;;;;鲂;鲠;鲡;鲢;鲷;鲺;鲻;鱃;鷋;鷌;鶽;鷎;鷾;鷀;鶠;鱄;;;;;;;;;;;;;;;;;;;;
;;;;;;;鲟;鲴;鲵;鲶;鱀;鱁;鱂;鱓;鷛;鷜;鷍;鷞;鸏;鷐;鶱;鱔;;;;;;;;;;;;;;;;;;;;
;;;;;;;鲳;鰽;鰾;鰿;鱐;鱑;鱒;鱣;鷪;鷫;鷝;鷭;鸤;鷠;鷁;鱤;;;;;;;;;;;;;;;;;;;;
;;;;;;;鰼;鱍;鱎;鱏;鱠;鱡;鱢;鱳;鷺;鷻;鷬;鷽;鹟;鷯;鷑;鱴;;;;;;;;;;;;;;;;;;;;
;;;;;;;鱌;鱝;鱞;鱟;鱰;鱱;鱲;鲊;鸋;鸌;鷼;鸎;鹼;鷿;鷡;鲌;;;;;;;;;;;;;;;;;;;;
;;;;;;;鱜;鱭;鱮;鱯;鲃;鲄;鲉;鳁;鸛;鸜;鸍;鸞;麑;鸐;鷰;鳂;;;;;;;;;;;;;;;;;;;;
;;;;;;;鱬;鱽;鱾;鲀;鲾;鲿;鳀;鳔;鹔;鹖;鸝;鹝;麥;鸧;鸀;鳕;;;;;;;;;;;;;;;;;;;;
;;;;;;;鱻;鲬;鲯;鲹;鳏;鳐;鳓;鞣;鹸;鹹;鹙;鹻;麹;鹠;鸑;鞲;;;;;;;;;;;;;;;;;;;;
;;;;;;;鲪;鳌;鳍;鳎;鞔;鞯;鞫;髑;麍;麎;鹺;麐;黒;鹽;鸮;魅;;;;;;;;;;;;;;;;;;;;
;;;;;;;鳡;鞅;鞑;鞒;髂;髋;髌;髯;麡;麢;麏;麤;黮;麔;鹡;髫;;;;;;;;;;;;;;;;;;;;
;;;;;;;靼;髁;髀;髅;髟;髡;髦;麋;麳;麵;麣;麷;鼃;麧;麀;麒;;;;;;;;;;;;;;;;;;;;
;;;;;;;骼;餮;饕;饔;麂;麇;麈;鼢;黊;黋;麶;黐;鼘;麺;麕;鼬;;;;;;;;;;;;;;;;;;;;
;;;;;;;餍;麽;麾;縻;黥;黪;黯;鳪;黨;黫;黌;黭;鼫;黓;麨;鳫;;;;;;;;;;;;;;;;;;;;
;;;;;;;鬣;黢;黩;黧;鳧;鳨;鳩;鳺;黿;鼀;黬;鼂;齃;黰;麼;鳻;;;;;;;;;;;;;;;;;;;;
;;;;;;;黟;鳤;鳥;鳦;鳷;鳸;鳹;鴊;鼒;鼔;鼁;鼖;齖;鼄;黕;鴋;;;;;;;;;;;;;;;;;;;;
;;;;;;;鳣;鳴;鳵;鳶;鴇;鴈;鴉;鴚;鼧;鼨;鼕;鼪;齦;鼚;黱;鴛;;;;;;;;;;;;;;;;;;;;
;;;;;;;鳳;鴄;鴅;鴆;鴗;鴘;鴙;鴩;鼿;齀;鼩;齂;齶;鼭;鼅;黷;;;;;;;;;;;;;;;;;;;;
;;;;;;;鴃;鴔;鴕;鴖;鴦;鴧;鴨;鴹;齒;齓;齁;齕;龑;齅;鼛;鼊;;;;;;;;;;;;;;;;;;;;
;;;;;;;鴓;鴣;鴤;鴥;鴶;鴷;鴸;鵊;齢;齣;齔;齥;郎;齗;鼮;鼣;;;;;;;;;;;;;;;;;;;;
;;;;;;;鴢;鴳;鴴;鴵;鵇;鵈;鵉;鵚;齲;齳;齤;齵;﨤;齧;齆;鼶;;;;;;;;;;;;;;;;;;;;
;;;;;;;鴲;鵄;鵅;鵆;鵗;鵘;鵙;鵪;龍;龎;齴;龐;麠;齷;齘;齌;;;;;;;;;;;;;;;;;;;;
;;;;;;;鵃;鵔;鵕;鵖;鵧;鵨;鵩;鵺;龢;龣;龏;龥;麲;龒;齨;齞;;;;;;;;;;;;;;;;;;;;
;;;;;;;鵓;鵤;鵥;鵦;鵷;鵸;鵹;鶉;﨟;蘒;龤;﨣;黈;凉;齸;齮;;;;;;;;;;;;;;;;;;;;
;;;;;;;鵣;鵴;鵵;鵶;鶆;鶇;鶈;鶙;黀;黙;﨡;黚;黦;﨧;龓;齽;;;;;;;;;;;;;;;;;;;;
;;;;;;;鵳;鶃;鶄;鶅;鶖;鶗;鶘;鶪;黗;黴;點;黵;黽;黸;秊;龜;;;;;;;;;;;;;;;;;;;;
;;;;;;;鶂;鶓;鶔;鶕;鶧;鶨;鶩;鶺;黳;鼇;黶;鼈;鼑;鼌;﨨;﨑;;;;;;;;;;;;;;;;;;;;
;;;;;;;鶒;鶤;鶥;鶦;鶷;鶸;鶹;鷊;鼆;鼞;鼉;鼟;鼦;鼤;麊;黺;;;;;;;;;;;;;;;;;;;;
;;;;;;;鶣;鶴;鶵;鶶;鷇;鷈;鷉;鷚;鼝;鼳;鼡;鼴;鼼;鼸;麞;鼏;;;;;;;;;;;;;;;;;;;;
;;;;;;;鶳;鷄;鷅;鷆;鷗;鷘;鷙;鷩;鼲;齉;鼵;齊;齏;齍;麱;鼥;;;;;;;;;;;;;;;;;;;;
;;;;;;;鷃;鷔;鷕;鷖;鷦;鷧;鷨;鷹;齈;齛;齋;齜;齡;齟;黇;鼺;;;;;;;;;;;;;;;;;;;;
;;;;;;;鷓;鷣;鷤;鷥;鷶;鷷;鷸;鸊;齚;齫;齝;齬;齱;齯;黤;齎;;;;;;;;;;;;;;;;;;;;
;;;;;;;鷢;鷳;鷴;鷵;鸇;鸈;鸉;鸚;齪;齺;齭;齻;龂;齾;麉;齠;;;;;;;;;;;;;;;;;;;;
;;;;;;;鷲;鸄;鸅;鸆;鸗;鸘;鸙;鹓;齹;龖;齼;龗;龡;龝;麜;齰;;;;;;;;;;;;;;;;;;;;
;;;;;;;鸃;鸔;鸕;鸖;鹍;鹐;鹒;鹷;龕;嗀;龘;﨎;礼;﨓;麰;龁;;;;;;;;;;;;;;;;;;;;
;;;;;;;鸓;鸻;鸼;鹀;鹴;鹵;鹶;麌;隣;麬;﨏;麭;麮;黅;黆;龞;;;;;;;;;;;;;;;;;;;;
;;;;;;;鸴;鹮;鹯;鹲;麆;麗;麫;麯;麚;黁;麙;黂;黃;黡;黣;﨔;;;;;;;;;;;;;;;;;;;;
;;;;;;;鹥;麃;麄;麅;麛;麁;麘;;;;;;;;;;;;;;;;;;;;;;;;;;;;;
